Workbook

Sheet  Cliente 7140341676
E1: COLUNA QTD UN/CX
A2: EAN | B2: Descrição | C2: SKU | D2: Categoria | E2: Quantidade
B3: =VLOOKUP(A3,'Mapa de Produto'!U:Y,5,0) -> #N/A | C3: =VLOOKUP(A3,'Mapa de Produto'!U:X,4,0) -> #N/A | D3: =VLOOKUP(C3,'Mapa de Produto'!G:P,10,0) -> #N/A
B4: =VLOOKUP(A4,'Mapa de Produto'!U:Y,5,0) -> #N/A | C4: =VLOOKUP(A4,'Mapa de Produto'!U:X,4,0) -> #N/A | D4: =VLOOKUP(C4,'Mapa de Produto'!G:P,10,0) -> #N/A
B5: =VLOOKUP(A5,'Mapa de Produto'!U:Y,5,0) -> #N/A | C5: =VLOOKUP(A5,'Mapa de Produto'!U:X,4,0) -> #N/A | D5: =VLOOKUP(C5,'Mapa de Produto'!G:P,10,0) -> #N/A
B6: =VLOOKUP(A6,'Mapa de Produto'!U:Y,5,0) -> #N/A | C6: =VLOOKUP(A6,'Mapa de Produto'!U:X,4,0) -> #N/A | D6: =VLOOKUP(C6,'Mapa de Produto'!G:P,10,0) -> #N/A
B7: =VLOOKUP(A7,'Mapa de Produto'!U:Y,5,0) -> #N/A | C7: =VLOOKUP(A7,'Mapa de Produto'!U:X,4,0) -> #N/A | D7: =VLOOKUP(C7,'Mapa de Produto'!G:P,10,0) -> #N/A
B8: =VLOOKUP(A8,'Mapa de Produto'!U:Y,5,0) -> #N/A | C8: =VLOOKUP(A8,'Mapa de Produto'!U:X,4,0) -> #N/A | D8: =VLOOKUP(C8,'Mapa de Produto'!G:P,10,0) -> #N/A
B9: =VLOOKUP(A9,'Mapa de Produto'!U:Y,5,0) -> #N/A | C9: =VLOOKUP(A9,'Mapa de Produto'!U:X,4,0) -> #N/A | D9: =VLOOKUP(C9,'Mapa de Produto'!G:P,10,0) -> #N/A
B10: =VLOOKUP(A10,'Mapa de Produto'!U:Y,5,0) -> #N/A | C10: =VLOOKUP(A10,'Mapa de Produto'!U:X,4,0) -> #N/A | D10: =VLOOKUP(C10,'Mapa de Produto'!G:P,10,0) -> #N/A
B11: =VLOOKUP(A11,'Mapa de Produto'!U:Y,5,0) -> #N/A | C11: =VLOOKUP(A11,'Mapa de Produto'!U:X,4,0) -> #N/A | D11: =VLOOKUP(C11,'Mapa de Produto'!G:P,10,0) -> #N/A
B12: =VLOOKUP(A12,'Mapa de Produto'!U:Y,5,0) -> #N/A | C12: =VLOOKUP(A12,'Mapa de Produto'!U:X,4,0) -> #N/A | D12: =VLOOKUP(C12,'Mapa de Produto'!G:P,10,0) -> #N/A
B13: =VLOOKUP(A13,'Mapa de Produto'!U:Y,5,0) -> #N/A | C13: =VLOOKUP(A13,'Mapa de Produto'!U:X,4,0) -> #N/A | D13: =VLOOKUP(C13,'Mapa de Produto'!G:P,10,0) -> #N/A
B14: =VLOOKUP(A14,'Mapa de Produto'!U:Y,5,0) -> #N/A | C14: =VLOOKUP(A14,'Mapa de Produto'!U:X,4,0) -> #N/A | D14: =VLOOKUP(C14,'Mapa de Produto'!G:P,10,0) -> #N/A
... B19: =VLOOKUP(A19,'Mapa de Produto'!U:Y,5,0) -> #N/A | C19: =VLOOKUP(A19,'Mapa de Produto'!U:X,4,0) -> #N/A | D19: =VLOOKUP(C19,'Mapa de Produto'!G:P,10,0) -> #N/A
B20: =VLOOKUP(A20,'Mapa de Produto'!U:Y,5,0) -> #N/A | C20: =VLOOKUP(A20,'Mapa de Produto'!U:X,4,0) -> #N/A | D20: =VLOOKUP(C20,'Mapa de Produto'!G:P,10,0) -> #N/A | H20: REFERÊNCIA = EAN | N20: QUANTIDADE
B21: =VLOOKUP(A21,'Mapa de Produto'!U:Y,5,0) -> #N/A | C21: =VLOOKUP(A21,'Mapa de Produto'!U:X,4,0) -> #N/A | D21: =VLOOKUP(C21,'Mapa de Produto'!G:P,10,0) -> #N/A
B22: =VLOOKUP(A22,'Mapa de Produto'!U:Y,5,0) -> #N/A | C22: =VLOOKUP(A22,'Mapa de Produto'!U:X,4,0) -> #N/A | D22: =VLOOKUP(C22,'Mapa de Produto'!G:P,10,0) -> #N/A
B23: =VLOOKUP(A23,'Mapa de Produto'!U:Y,5,0) -> #N/A | C23: =VLOOKUP(A23,'Mapa de Produto'!U:X,4,0) -> #N/A | D23: =VLOOKUP(C23,'Mapa de Produto'!G:P,10,0) -> #N/A
B24: =VLOOKUP(A24,'Mapa de Produto'!U:Y,5,0) -> #N/A | C24: =VLOOKUP(A24,'Mapa de Produto'!U:X,4,0) -> #N/A | D24: =VLOOKUP(C24,'Mapa de Produto'!G:P,10,0) -> #N/A
B25: =VLOOKUP(A25,'Mapa de Produto'!U:Y,5,0) -> #N/A | C25: =VLOOKUP(A25,'Mapa de Produto'!U:X,4,0) -> #N/A | D25: =VLOOKUP(C25,'Mapa de Produto'!G:P,10,0) -> #N/A
B26: =VLOOKUP(A26,'Mapa de Produto'!U:Y,5,0) -> #N/A | C26: =VLOOKUP(A26,'Mapa de Produto'!U:X,4,0) -> #N/A | D26: =VLOOKUP(C26,'Mapa de Produto'!G:P,10,0) -> #N/A
B27: =VLOOKUP(A27,'Mapa de Produto'!U:Y,5,0) -> #N/A | C27: =VLOOKUP(A27,'Mapa de Produto'!U:X,4,0) -> #N/A | D27: =VLOOKUP(C27,'Mapa de Produto'!G:P,10,0) -> #N/A
B28: =VLOOKUP(A28,'Mapa de Produto'!U:Y,5,0) -> #N/A | C28: =VLOOKUP(A28,'Mapa de Produto'!U:X,4,0) -> #N/A | D28: =VLOOKUP(C28,'Mapa de Produto'!G:P,10,0) -> #N/A
B29: =VLOOKUP(A29,'Mapa de Produto'!U:Y,5,0) -> #N/A | C29: =VLOOKUP(A29,'Mapa de Produto'!U:X,4,0) -> #N/A | D29: =VLOOKUP(C29,'Mapa de Produto'!G:P,10,0) -> #N/A
B30: =VLOOKUP(A30,'Mapa de Produto'!U:Y,5,0) -> #N/A | C30: =VLOOKUP(A30,'Mapa de Produto'!U:X,4,0) -> #N/A | D30: =VLOOKUP(C30,'Mapa de Produto'!G:P,10,0) -> #N/A
B31: =VLOOKUP(A31,'Mapa de Produto'!U:Y,5,0) -> #N/A | C31: =VLOOKUP(A31,'Mapa de Produto'!U:X,4,0) -> #N/A | D31: =VLOOKUP(C31,'Mapa de Produto'!G:P,10,0) -> #N/A
B32: =VLOOKUP(A32,'Mapa de Produto'!U:Y,5,0) -> #N/A | C32: =VLOOKUP(A32,'Mapa de Produto'!U:X,4,0) -> #N/A | D32: =VLOOKUP(C32,'Mapa de Produto'!G:P,10,0) -> #N/A
... B53: =VLOOKUP(A53,'Mapa de Produto'!U:Y,5,0) -> #N/A | C53: =VLOOKUP(A53,'Mapa de Produto'!U:X,4,0) -> #N/A | D53: =VLOOKUP(C53,'Mapa de Produto'!G:P,10,0) -> #N/A
B54: =VLOOKUP(A54,'Mapa de Produto'!U:Y,5,0) -> #N/A | C54: =VLOOKUP(A54,'Mapa de Produto'!U:X,4,0) -> #N/A | D54: =VLOOKUP(C54,'Mapa de Produto'!G:P,10,0) -> #N/A | E54: 3
B55: =VLOOKUP(A55,'Mapa de Produto'!U:Y,5,0) -> #N/A | C55: =VLOOKUP(A55,'Mapa de Produto'!U:X,4,0) -> #N/A | D55: =VLOOKUP(C55,'Mapa de Produto'!G:P,10,0) -> #N/A
B56: =VLOOKUP(A56,'Mapa de Produto'!U:Y,5,0) -> #N/A | C56: =VLOOKUP(A56,'Mapa de Produto'!U:X,4,0) -> #N/A | D56: =VLOOKUP(C56,'Mapa de Produto'!G:P,10,0) -> #N/A
B57: =VLOOKUP(A57,'Mapa de Produto'!U:Y,5,0) -> #N/A | C57: =VLOOKUP(A57,'Mapa de Produto'!U:X,4,0) -> #N/A | D57: =VLOOKUP(C57,'Mapa de Produto'!G:P,10,0) -> #N/A
B58: =VLOOKUP(A58,'Mapa de Produto'!U:Y,5,0) -> #N/A | C58: =VLOOKUP(A58,'Mapa de Produto'!U:X,4,0) -> #N/A | D58: =VLOOKUP(C58,'Mapa de Produto'!G:P,10,0) -> #N/A
B59: =VLOOKUP(A59,'Mapa de Produto'!U:Y,5,0) -> #N/A | C59: =VLOOKUP(A59,'Mapa de Produto'!U:X,4,0) -> #N/A | D59: =VLOOKUP(C59,'Mapa de Produto'!G:P,10,0) -> #N/A
B60: =VLOOKUP(A60,'Mapa de Produto'!U:Y,5,0) -> #N/A | C60: =VLOOKUP(A60,'Mapa de Produto'!U:X,4,0) -> #N/A | D60: =VLOOKUP(C60,'Mapa de Produto'!G:P,10,0) -> #N/A
B61: =VLOOKUP(A61,'Mapa de Produto'!U:Y,5,0) -> #N/A | C61: =VLOOKUP(A61,'Mapa de Produto'!U:X,4,0) -> #N/A | D61: =VLOOKUP(C61,'Mapa de Produto'!G:P,10,0) -> #N/A
B62: =VLOOKUP(A62,'Mapa de Produto'!U:Y,5,0) -> #N/A | C62: =VLOOKUP(A62,'Mapa de Produto'!U:X,4,0) -> #N/A | D62: =VLOOKUP(C62,'Mapa de Produto'!G:P,10,0) -> #N/A
B63: =VLOOKUP(A63,'Mapa de Produto'!U:Y,5,0) -> #N/A | C63: =VLOOKUP(A63,'Mapa de Produto'!U:X,4,0) -> #N/A | D63: =VLOOKUP(C63,'Mapa de Produto'!G:P,10,0) -> #N/A
B64: =VLOOKUP(A64,'Mapa de Produto'!U:Y,5,0) -> #N/A | C64: =VLOOKUP(A64,'Mapa de Produto'!U:X,4,0) -> #N/A | D64: =VLOOKUP(C64,'Mapa de Produto'!G:P,10,0) -> #N/A
B65: =VLOOKUP(A65,'Mapa de Produto'!U:Y,5,0) -> #N/A | C65: =VLOOKUP(A65,'Mapa de Produto'!U:X,4,0) -> #N/A | D65: =VLOOKUP(C65,'Mapa de Produto'!G:P,10,0) -> #N/A
B66: =VLOOKUP(A66,'Mapa de Produto'!U:Y,5,0) -> #N/A | C66: =VLOOKUP(A66,'Mapa de Produto'!U:X,4,0) -> #N/A | D66: =VLOOKUP(C66,'Mapa de Produto'!G:P,10,0) -> #N/A
... B106: =VLOOKUP(A106,'Mapa de Produto'!U:Y,5,0) -> #N/A | C106: =VLOOKUP(A106,'Mapa de Produto'!U:X,4,0) -> #N/A | D106: =VLOOKUP(C106,'Mapa de Produto'!G:P,10,0) -> #N/A

Sheet GABARITO
A1: EAN | B1: Descrição | C1: SKU | D1: Categoria | E1: Caixaria Cliente | F1: Quantidade
B2: =VLOOKUP(A2,'LISTA DE PRODUTOS'!B:D,3,0) -> #N/A | C2: =VLOOKUP(A2,'LISTA DE PRODUTOS'!B:C,2,0) -> #N/A | D2: =VLOOKUP(A2,'LISTA DE PRODUTOS'!B:E,4,0) -> #N/A
B3: =VLOOKUP(A3,'LISTA DE PRODUTOS'!B:D,3,0) -> #N/A | C3: =VLOOKUP(A3,'LISTA DE PRODUTOS'!B:C,2,0) -> #N/A | D3: =VLOOKUP(A3,'LISTA DE PRODUTOS'!B:E,4,0) -> #N/A
B4: =VLOOKUP(A4,'LISTA DE PRODUTOS'!B:D,3,0) -> #N/A | C4: =VLOOKUP(A4,'LISTA DE PRODUTOS'!B:C,2,0) -> #N/A | D4: =VLOOKUP(A4,'LISTA DE PRODUTOS'!B:E,4,0) -> #N/A
B5: =VLOOKUP(A5,'LISTA DE PRODUTOS'!B:D,3,0) -> #N/A | C5: =VLOOKUP(A5,'LISTA DE PRODUTOS'!B:C,2,0) -> #N/A | D5: =VLOOKUP(A5,'LISTA DE PRODUTOS'!B:E,4,0) -> #N/A
B6: =VLOOKUP(A6,'LISTA DE PRODUTOS'!B:D,3,0) -> #N/A | C6: =VLOOKUP(A6,'LISTA DE PRODUTOS'!B:C,2,0) -> #N/A | D6: =VLOOKUP(A6,'LISTA DE PRODUTOS'!B:E,4,0) -> #N/A
B7: =VLOOKUP(A7,'LISTA DE PRODUTOS'!B:D,3,0) -> #N/A | C7: =VLOOKUP(A7,'LISTA DE PRODUTOS'!B:C,2,0) -> #N/A | D7: =VLOOKUP(A7,'LISTA DE PRODUTOS'!B:E,4,0) -> #N/A
B8: =VLOOKUP(A8,'LISTA DE PRODUTOS'!B:D,3,0) -> #N/A | C8: =VLOOKUP(A8,'LISTA DE PRODUTOS'!B:C,2,0) -> #N/A | D8: =VLOOKUP(A8,'LISTA DE PRODUTOS'!B:E,4,0) -> #N/A
B9: =VLOOKUP(A9,'LISTA DE PRODUTOS'!B:D,3,0) -> #N/A | C9: =VLOOKUP(A9,'LISTA DE PRODUTOS'!B:C,2,0) -> #N/A | D9: =VLOOKUP(A9,'LISTA DE PRODUTOS'!B:E,4,0) -> #N/A
B10: =VLOOKUP(A10,'LISTA DE PRODUTOS'!B:D,3,0) -> #N/A | C10: =VLOOKUP(A10,'LISTA DE PRODUTOS'!B:C,2,0) -> #N/A | D10: =VLOOKUP(A10,'LISTA DE PRODUTOS'!B:E,4,0) -> #N/A
B11: =VLOOKUP(A11,'LISTA DE PRODUTOS'!B:D,3,0) -> #N/A | C11: =VLOOKUP(A11,'LISTA DE PRODUTOS'!B:C,2,0) -> #N/A | D11: =VLOOKUP(A11,'LISTA DE PRODUTOS'!B:E,4,0) -> #N/A
B12: =VLOOKUP(A12,'LISTA DE PRODUTOS'!B:D,3,0) -> #N/A | C12: =VLOOKUP(A12,'LISTA DE PRODUTOS'!B:C,2,0) -> #N/A | D12: =VLOOKUP(A12,'LISTA DE PRODUTOS'!B:E,4,0) -> #N/A
B13: =VLOOKUP(A13,'LISTA DE PRODUTOS'!B:D,3,0) -> #N/A | C13: =VLOOKUP(A13,'LISTA DE PRODUTOS'!B:C,2,0) -> #N/A | D13: =VLOOKUP(A13,'LISTA DE PRODUTOS'!B:E,4,0) -> #N/A
... B15: =VLOOKUP(A15,'LISTA DE PRODUTOS'!B:D,3,0) -> #N/A | C15: =VLOOKUP(A15,'LISTA DE PRODUTOS'!B:C,2,0) -> #N/A | D15: =VLOOKUP(A15,'LISTA DE PRODUTOS'!B:E,4,0) -> #N/A
B16: =VLOOKUP(A16,'LISTA DE PRODUTOS'!B:D,3,0) -> #N/A | C16: =VLOOKUP(A16,'LISTA DE PRODUTOS'!B:C,2,0) -> #N/A | D16: =VLOOKUP(A16,'LISTA DE PRODUTOS'!B:E,4,0) -> #N/A | J16: QUANTIDADE
B17: =VLOOKUP(A17,'LISTA DE PRODUTOS'!B:D,3,0) -> #N/A | C17: =VLOOKUP(A17,'LISTA DE PRODUTOS'!B:C,2,0) -> #N/A | D17: =VLOOKUP(A17,'LISTA DE PRODUTOS'!B:E,4,0) -> #N/A | H17: REFERÊNCIA = EAN
B18: =VLOOKUP(A18,'LISTA DE PRODUTOS'!B:D,3,0) -> #N/A | C18: =VLOOKUP(A18,'LISTA DE PRODUTOS'!B:C,2,0) -> #N/A | D18: =VLOOKUP(A18,'LISTA DE PRODUTOS'!B:E,4,0) -> #N/A
B19: =VLOOKUP(A19,'LISTA DE PRODUTOS'!B:D,3,0) -> #N/A | C19: =VLOOKUP(A19,'LISTA DE PRODUTOS'!B:C,2,0) -> #N/A | D19: =VLOOKUP(A19,'LISTA DE PRODUTOS'!B:E,4,0) -> #N/A
B20: =VLOOKUP(A20,'LISTA DE PRODUTOS'!B:D,3,0) -> #N/A | C20: =VLOOKUP(A20,'LISTA DE PRODUTOS'!B:C,2,0) -> #N/A | D20: =VLOOKUP(A20,'LISTA DE PRODUTOS'!B:E,4,0) -> #N/A
B21: =VLOOKUP(A21,'LISTA DE PRODUTOS'!B:D,3,0) -> #N/A | C21: =VLOOKUP(A21,'LISTA DE PRODUTOS'!B:C,2,0) -> #N/A | D21: =VLOOKUP(A21,'LISTA DE PRODUTOS'!B:E,4,0) -> #N/A
B22: =VLOOKUP(A22,'LISTA DE PRODUTOS'!B:D,3,0) -> #N/A | C22: =VLOOKUP(A22,'LISTA DE PRODUTOS'!B:C,2,0) -> #N/A | D22: =VLOOKUP(A22,'LISTA DE PRODUTOS'!B:E,4,0) -> #N/A
B23: =VLOOKUP(A23,'LISTA DE PRODUTOS'!B:D,3,0) -> #N/A | C23: =VLOOKUP(A23,'LISTA DE PRODUTOS'!B:C,2,0) -> #N/A | D23: =VLOOKUP(A23,'LISTA DE PRODUTOS'!B:E,4,0) -> #N/A
B24: =VLOOKUP(A24,'LISTA DE PRODUTOS'!B:D,3,0) -> #N/A | C24: =VLOOKUP(A24,'LISTA DE PRODUTOS'!B:C,2,0) -> #N/A | D24: =VLOOKUP(A24,'LISTA DE PRODUTOS'!B:E,4,0) -> #N/A
B25: =VLOOKUP(A25,'LISTA DE PRODUTOS'!B:D,3,0) -> #N/A | C25: =VLOOKUP(A25,'LISTA DE PRODUTOS'!B:C,2,0) -> #N/A | D25: =VLOOKUP(A25,'LISTA DE PRODUTOS'!B:E,4,0) -> #N/A
B26: =VLOOKUP(A26,'LISTA DE PRODUTOS'!B:D,3,0) -> #N/A | C26: =VLOOKUP(A26,'LISTA DE PRODUTOS'!B:C,2,0) -> #N/A | D26: =VLOOKUP(A26,'LISTA DE PRODUTOS'!B:E,4,0) -> #N/A
B27: =VLOOKUP(A27,'LISTA DE PRODUTOS'!B:D,3,0) -> #N/A | C27: =VLOOKUP(A27,'LISTA DE PRODUTOS'!B:C,2,0) -> #N/A | D27: =VLOOKUP(A27,'LISTA DE PRODUTOS'!B:E,4,0) -> #N/A
B28: =VLOOKUP(A28,'LISTA DE PRODUTOS'!B:D,3,0) -> #N/A | C28: =VLOOKUP(A28,'LISTA DE PRODUTOS'!B:C,2,0) -> #N/A | D28: =VLOOKUP(A28,'LISTA DE PRODUTOS'!B:E,4,0) -> #N/A
B29: =VLOOKUP(A29,'LISTA DE PRODUTOS'!B:D,3,0) -> #N/A | C29: =VLOOKUP(A29,'LISTA DE PRODUTOS'!B:C,2,0) -> #N/A | D29: =VLOOKUP(A29,'LISTA DE PRODUTOS'!B:E,4,0) -> #N/A
... B122: =VLOOKUP(A122,'LISTA DE PRODUTOS'!B:D,3,0) -> #N/A | C122: =VLOOKUP(A122,'LISTA DE PRODUTOS'!B:C,2,0) -> #N/A | D122: =VLOOKUP(A122,'LISTA DE PRODUTOS'!B:E,4,0) -> #N/A

Sheet Mapa de Produto
A1: STR1 | B1: STR2 | C1: STR3 | D1: SKU Rolling | E1: Descrição SKU Rolling | F1: Centro | G1: SKU ECC | H1: Descrição SKU ECC | I1: Categoria | J1: Tipo Produção | K1: Fator PAL | L1: Apresentação | M1: Nome UO | N1: Regional | O1: MAPA | P1: Categoria PD | Q1: OBSERVAÇÃO | R1: Data Lançamento | S1: Migração | T1: Código DUN | U1: Código EAN | V1: COD CVI | W1: CIA | X1: SKU ECC | Y1: Descrição SKU ECC
A2: BFGGCrystal C/G PET 1,5L (06) | B2: BFGG83 | C2: BFGG92520 | D2: 83 | E2: Crystal C/G PET 1,5L (06) | F2: BFGG | G2: 92520 | H2: CRYSTAL 1,5L COM GÁS 06UN | I2: AGUA | J2: Produzido | K2: 112 | L2: 6 | M2: UO Santa Maria | N2: RS INT | O2: S | P2: AGUA | T2: 17894900531012 | U2: 7894900531015 | V2: 1023 | W2: KO | X2: =G2 -> 92520 | Y2: CRYSTAL 1,5L COM GÁS 06UN
A3: BFGHCrystal C/G PET 1,5L (06) | B3: BFGH83 | C3: BFGH92520 | D3: 83 | E3: Crystal C/G PET 1,5L (06) | F3: BFGH | G3: 92520 | H3: CRYSTAL 1,5L COM GÁS 06UN | I3: AGUA | J3: Produzido | K3: 112 | L3: 6 | M3: UO Passo Fundo | N3: RS INT | O3: S | P3: AGUA | T3: 17894900531012 | U3: 7894900531015 | V3: 1023 | W3: KO | X3: =G3 -> 92520 | Y3: CRYSTAL 1,5L COM GÁS 06UN
A4: BFGICrystal C/G PET 1,5L (06) | B4: BFGI83 | C4: BFGI92520 | D4: 83 | E4: Crystal C/G PET 1,5L (06) | F4: BFGI | G4: 92520 | H4: CRYSTAL 1,5L COM GÁS 06UN | I4: AGUA | J4: Produzido | K4: 112 | L4: 6 | M4: UO Vera Cruz | N4: RS INT | O4: S | P4: AGUA | T4: 17894900531012 | U4: 7894900531015 | V4: 1023 | W4: KO | X4: =G4 -> 92520 | Y4: CRYSTAL 1,5L COM GÁS 06UN
A5: BFGGCrystal C/G PET 500ml (12) | B5: BFGG708 | C5: BFGG92522 | D5: 708 | E5: Crystal C/G PET 500ml (12) | F5: BFGG | G5: 92522 | H5: CRYSTAL 500ML COM GÁS 12UN | I5: AGUA | J5: Produzido | K5: 150 | L5: 12 | M5: UO Santa Maria | N5: RS INT | O5: S | P5: AGUA | T5: 17894900531005 | U5: 7894900531008 | V5: 1021 | W5: KO | X5: =G5 -> 92522 | Y5: CRYSTAL 500ML COM GÁS 12UN
A6: BFGHCrystal C/G PET 500ml (12) | B6: BFGH708 | C6: BFGH92522 | D6: 708 | E6: Crystal C/G PET 500ml (12) | F6: BFGH | G6: 92522 | H6: CRYSTAL 500ML COM GÁS 12UN | I6: AGUA | J6: Produzido | K6: 150 | L6: 12 | M6: UO Passo Fundo | N6: RS INT | O6: S | P6: AGUA | T6: 17894900531005 | U6: 7894900531008 | V6: 1021 | W6: KO | X6: =G6 -> 92522 | Y6: CRYSTAL 500ML COM GÁS 12UN
A7: BFGICrystal C/G PET 500ml (12) | B7: BFGI708 | C7: BFGI92522 | D7: 708 | E7: Crystal C/G PET 500ml (12) | F7: BFGI | G7: 92522 | H7: CRYSTAL 500ML COM GÁS 12UN | I7: AGUA | J7: Produzido | K7: 150 | L7: 12 | M7: UO Vera Cruz | N7: RS INT | O7: S | P7: AGUA | T7: 17894900531005 | U7: 7894900531008 | V7: 1021 | W7: KO | X7: =G7 -> 92522 | Y7: CRYSTAL 500ML COM GÁS 12UN
A8: BFGGCrystal Copo 310ml (48) | B8: BFGG85 | C8: BFGG92536 | D8: 85 | E8: Crystal Copo 310ml (48) | F8: BFGG | G8: 92536 | H8: CRYSTAL COPO 310ML SG 48UN CP . | I8: AGUA | J8: Produzido | K8: 60 | L8: 48 | M8: UO Santa Maria | N8: RS INT | O8: L10 | P8: AGUA | Q8: Data a definir | R8: 44835 | T8: 7894900530148 | U8: 7894900530049 | V8: Sem Sku Correspondente | W8: KO | X8: =G8 -> 92536 | Y8: CRYSTAL COPO 310ML SG 48UN CP .
A9: BFGHCrystal Copo 310ml (48) | B9: BFGH85 | C9: BFGH92536 | D9: 85 | E9: Crystal Copo 310ml (48) | F9: BFGH | G9: 92536 | H9: CRYSTAL COPO 310ML SG 48UN CP . | I9: AGUA | J9: Produzido | K9: 60 | L9: 48 | M9: UO Passo Fundo | N9: RS INT | O9: L10 | P9: AGUA | Q9: Data a definir | R9: 44835 | T9: 7894900530148 | U9: 7894900530049 | V9: Sem Sku Correspondente | W9: KO | X9: =G9 -> 92536 | Y9: CRYSTAL COPO 310ML SG 48UN CP .
A10: BFGICrystal Copo 310ml (48) | B10: BFGI85 | C10: BFGI92536 | D10: 85 | E10: Crystal Copo 310ml (48) | F10: BFGI | G10: 92536 | H10: CRYSTAL COPO 310ML SG 48UN CP . | I10: AGUA | J10: Produzido | K10: 60 | L10: 48 | M10: UO Vera Cruz | N10: RS INT | O10: L10 | P10: AGUA | Q10: Data a definir | R10: 44835 | T10: 7894900530148 | U10: 7894900530049 | V10: Sem Sku Correspondente | W10: KO | X10: =G10 -> 92536 | Y10: CRYSTAL COPO 310ML SG 48UN CP .
A11: BFGGCrystal PET 5L (02) | B11: BFGG94 | C11: BFGG92581 | D11: 94 | E11: Crystal PET 5L (02) | F11: BFGG | G11: 92581 | H11: CRYSTAL 05L C/2 CP | I11: AGUA | J11: Produzido | K11: 112 | L11: 2 | M11: UO Santa Maria | N11: RS INT | O11: S | P11: AGUA | T11: 17894900530053 | U11: 7894900530056 | V11: 1088 | W11: KO | X11: =G11 -> 92581 | Y11: CRYSTAL 05L C/2 CP
A12: BFGHCrystal PET 5L (02) | B12: BFGH94 | C12: BFGH92581 | D12: 94 | E12: Crystal PET 5L (02) | F12: BFGH | G12: 92581 | H12: CRYSTAL 05L C/2 CP | I12: AGUA | J12: Produzido | K12: 112 | L12: 2 | M12: UO Passo Fundo | N12: RS INT | O12: S | P12: AGUA | T12: 17894900530053 | U12: 7894900530056 | V12: 1088 | W12: KO | X12: =G12 -> 92581 | Y12: CRYSTAL 05L C/2 CP
A13: BFGICrystal PET 5L (02) | B13: BFGI94 | C13: BFGI92581 | D13: 94 | E13: Crystal PET 5L (02) | F13: BFGI | G13: 92581 | H13: CRYSTAL 05L C/2 CP | I13: AGUA | J13: Produzido | K13: 112 | L13: 2 | M13: UO Vera Cruz | N13: RS INT | O13: S | P13: AGUA | T13: 17894900530053 | U13: 7894900530056 | V13: 1088 | W13: KO | X13: =G13 -> 92581 | Y13: CRYSTAL 05L C/2 CP
A14: BFGGCrystal S/G PET 1,5L (06) | B14: BFGG84 | C14: BFGG92521 | D14: 84 | E14: Crystal S/G PET 1,5L (06) | F14: BFGG | G14: 92521 | H14: CRYSTAL 1,5L SEM GÁS 06UN | I14: AGUA | J14: Produzido | K14: 112 | L14: 6 | M14: UO Santa Maria | N14: RS INT | O14: S | P14: AGUA | T14: 17894900530039 | U14: 7894900530032 | V14: 1024 | W14: KO | X14: =G14 -> 92521 | Y14: CRYSTAL 1,5L SEM GÁS 06UN
A15: BFGHCrystal S/G PET 1,5L (06) | B15: BFGH84 | C15: BFGH92521 | D15: 84 | E15: Crystal S/G PET 1,5L (06) | F15: BFGH | G15: 92521 | H15: CRYSTAL 1,5L SEM GÁS 06UN | I15: AGUA | J15: Produzido | K15: 112 | L15: 6 | M15: UO Passo Fundo | N15: RS INT | O15: S | P15: AGUA | T15: 17894900530039 | U15: 7894900530032 | V15: 1024 | W15: KO | X15: =G15 -> 92521 | Y15: CRYSTAL 1,5L SEM GÁS 06UN
A16: BFGICrystal S/G PET 1,5L (06) | B16: BFGI84 | C16: BFGI92521 | D16: 84 | E16: Crystal S/G PET 1,5L (06) | F16: BFGI | G16: 92521 | H16: CRYSTAL 1,5L SEM GÁS 06UN | I16: AGUA | J16: Produzido | K16: 112 | L16: 6 | M16: UO Vera Cruz | N16: RS INT | O16: S | P16: AGUA | T16: 17894900530039 | U16: 7894900530032 | V16: 1024 | W16: KO | X16: =G16 -> 92521 | Y16: CRYSTAL 1,5L SEM GÁS 06UN
A17: BFGGCrystal S/G PET 1,5L (08) L+P- | B17: BFGG1246 | C17: BFGG92670 | D17: 1246 | E17: Crystal S/G PET 1,5L (08) L+P- | F17: BFGG | G17: 92670 | H17: CRYST 1,5L SEM GÁS 08UN PROM FI CP | I17: AGUA | J17: Produzido | K17: 84 | L17: 8 | M17: UO Santa Maria | N17: RS INT | O17: L10 | P17: AGUA | Q17: Data a definir | R17: 44835 | T17: 7894900530278 | U17: 7894900530032 | V17: Sem Sku Correspondente | W17: KO | X17: =G17 -> 92670 | Y17: CRYST 1,5L SEM GÁS 08UN PROM FI CP
A18: BFGHCrystal S/G PET 1,5L (08) L+P- | B18: BFGH1246 | C18: BFGH92670 | D18: 1246 | E18: Crystal S/G PET 1,5L (08) L+P- | F18: BFGH | G18: 92670 | H18: CRYST 1,5L SEM GÁS 08UN PROM FI CP | I18: AGUA | J18: Produzido | K18: 84 | L18: 8 | M18: UO Passo Fundo | N18: RS INT | O18: L10 | P18: AGUA | Q18: Data a definir | R18: 44835 | T18: 7894900530278 | U18: 7894900530032 | V18: Sem Sku Correspondente | W18: KO | X18: =G18 -> 92670 | Y18: CRYST 1,5L SEM GÁS 08UN PROM FI CP
A19: BFGICrystal S/G PET 1,5L (08) L+P- | B19: BFGI1246 | C19: BFGI92670 | D19: 1246 | E19: Crystal S/G PET 1,5L (08) L+P- | F19: BFGI | G19: 92670 | H19: CRYST 1,5L SEM GÁS 08UN PROM FI CP | I19: AGUA | J19: Produzido | K19: 84 | L19: 8 | M19: UO Vera Cruz | N19: RS INT | O19: L10 | P19: AGUA | Q19: Data a definir | R19: 44835 | T19: 7894900530278 | U19: 7894900530032 | V19: Sem Sku Correspondente | W19: KO | X19: =G19 -> 92670 | Y19: CRYST 1,5L SEM GÁS 08UN PROM FI CP
A20: BFGGCrystal S/G PET 500ml (12) | B20: BFGG709 | C20: BFGG92527 | D20: 709 | E20: Crystal S/G PET 500ml (12) | F20: BFGG | G20: 92527 | H20: CRYSTAL 500ML SEM GÁS 12UN | I20: AGUA | J20: Produzido | K20: 150 | L20: 12 | M20: UO Santa Maria | N20: RS INT | O20: S | P20: AGUA | T20: 17894900530008 | U20: 7894900530001 | V20: 1022 | W20: KO | X20: =G20 -> 92527 | Y20: CRYSTAL 500ML SEM GÁS 12UN
A21: BFGHCrystal S/G PET 500ml (12) | B21: BFGH709 | C21: BFGH92527 | D21: 709 | E21: Crystal S/G PET 500ml (12) | F21: BFGH | G21: 92527 | H21: CRYSTAL 500ML SEM GÁS 12UN | I21: AGUA | J21: Produzido | K21: 150 | L21: 12 | M21: UO Passo Fundo | N21: RS INT | O21: S | P21: AGUA | T21: 17894900530008 | U21: 7894900530001 | V21: 1022 | W21: KO | X21: =G21 -> 92527 | Y21: CRYSTAL 500ML SEM GÁS 12UN
A22: BFGICrystal S/G PET 500ml (12) | B22: BFGI709 | C22: BFGI92527 | D22: 709 | E22: Crystal S/G PET 500ml (12) | F22: BFGI | G22: 92527 | H22: CRYSTAL 500ML SEM GÁS 12UN | I22: AGUA | J22: Produzido | K22: 150 | L22: 12 | M22: UO Vera Cruz | N22: RS INT | O22: S | P22: AGUA | T22: 17894900530008 | U22: 7894900530001 | V22: 1022 | W22: KO | X22: =G22 -> 92527 | Y22: CRYSTAL 500ML SEM GÁS 12UN
A23: BFGGCrystal Sabores Frutas Vermelhas PET 510ml (06) | B23: BFGG1453 | C23: BFGG92723 | D23: 1453 | E23: Crystal Sabores Frutas Vermelhas PET 510ml (06) | F23: BFGG | G23: 92723 | H23: CRY SPARKLING FRUTAS VERM PET510 6U FL | I23: AGUA | J23: Produzido | K23: 392 | L23: 6 | M23: UO Santa Maria | N23: RS INT | O23: S | P23: AGUA | T23: 17894900521501 | U23: 7894900521504 | V23: 1279 | W23: KO | X23: =G23 -> 92723 | Y23: CRY SPARKLING FRUTAS VERM PET510 6U FL
A24: BFGHCrystal Sabores Frutas Vermelhas PET 510ml (06) | B24: BFGH1453 | C24: BFGH92723 | D24: 1453 | E24: Crystal Sabores Frutas Vermelhas PET 510ml (06) | F24: BFGH | G24: 92723 | H24: CRY SPARKLING FRUTAS VERM PET510 6U FL | I24: AGUA | J24: Produzido | K24: 392 | L24: 6 | M24: UO Passo Fundo | N24: RS INT | O24: S | P24: AGUA | T24: 17894900521501 | U24: 7894900521504 | V24: 1279 | W24: KO | X24: =G24 -> 92723 | Y24: CRY SPARKLING FRUTAS VERM PET510 6U FL
A25: BFGICrystal Sabores Frutas Vermelhas PET 510ml (06) | B25: BFGI1453 | C25: BFGI92723 | D25: 1453 | E25: Crystal Sabores Frutas Vermelhas PET 510ml (06) | F25: BFGI | G25: 92723 | H25: CRY SPARKLING FRUTAS VERM PET510 6U FL | I25: AGUA | J25: Produzido | K25: 392 | L25: 6 | M25: UO Vera Cruz | N25: RS INT | O25: S | P25: AGUA | T25: 17894900521501 | U25: 7894900521504 | V25: 1279 | W25: KO | X25: =G25 -> 92723 | Y25: CRY SPARKLING FRUTAS VERM PET510 6U FL
A26: BFGGCrystal Sabores Limao PET 510ml (06) | B26: BFGG1452 | C26: BFGG92721 | D26: 1452 | E26: Crystal Sabores Limao PET 510ml (06) | F26: BFGG | G26: 92721 | H26: CRY SPARKLING LIMAO PET 510ml 6U FL | I26: AGUA | J26: Produzido | K26: 392 | L26: 6 | M26: UO Santa Maria | N26: RS INT | O26: S | P26: AGUA | T26: 17894900520504 | U26: 7894900520507 | V26: 1280 | W26: KO | X26: =G26 -> 92721 | Y26: CRY SPARKLING LIMAO PET 510ml 6U FL
A27: BFGHCrystal Sabores Limao PET 510ml (06) | B27: BFGH1452 | C27: BFGH92721 | D27: 1452 | E27: Crystal Sabores Limao PET 510ml (06) | F27: BFGH | G27: 92721 | H27: CRY SPARKLING LIMAO PET 510ml 6U FL | I27: AGUA | J27: Produzido | K27: 392 | L27: 6 | M27: UO Passo Fundo | N27: RS INT | O27: S | P27: AGUA | T27: 17894900520504 | U27: 7894900520507 | V27: 1280 | W27: KO | X27: =G27 -> 92721 | Y27: CRY SPARKLING LIMAO PET 510ml 6U FL
A28: BFGICrystal Sabores Limao PET 510ml (06) | B28: BFGI1452 | C28: BFGI92721 | D28: 1452 | E28: Crystal Sabores Limao PET 510ml (06) | F28: BFGI | G28: 92721 | H28: CRY SPARKLING LIMAO PET 510ml 6U FL | I28: AGUA | J28: Produzido | K28: 392 | L28: 6 | M28: UO Vera Cruz | N28: RS INT | O28: S | P28: AGUA | T28: 17894900520504 | U28: 7894900520507 | V28: 1280 | W28: KO | X28: =G28 -> 92721 | Y28: CRY SPARKLING LIMAO PET 510ml 6U FL
A29: BFGGCrystal Sabores Melancia PET 510ml (06) | B29: BFGG60435 | C29: BFGG60435 | D29: 60435 | E29: Crystal Sabores Melancia PET 510ml (06) | F29: BFGG | G29: 60435 | H29: Crystal Sabores Novo SaborPet 510ml (06) | I29: AGUA | J29: Produzido | K29: 392 | L29: 6 | M29: UO Santa Maria | N29: RS INT | O29: L01 | P29: AGUA | R29: 44927 | V29: Sem Sku Correspondente | W29: KO | X29: =G29 -> 60435 | Y29: Crystal Sabores Novo SaborPet 510ml (06)
A30: BFGHCrystal Sabores Melancia PET 510ml (06) | B30: BFGH60435 | C30: BFGH60435 | D30: 60435 | E30: Crystal Sabores Melancia PET 510ml (06) | F30: BFGH | G30: 60435 | H30: Crystal Sabores Novo SaborPet 510ml (06) | I30: AGUA | J30: Produzido | K30: 392 | L30: 6 | M30: UO Passo Fundo | N30: RS INT | O30: L01 | P30: AGUA | R30: 44927 | V30: Sem Sku Correspondente | W30: KO | X30: =G30 -> 60435 | Y30: Crystal Sabores Novo SaborPet 510ml (06)
A31: BFGICrystal Sabores Melancia PET 510ml (06) | B31: BFGI60435 | C31: BFGI60435 | D31: 60435 | E31: Crystal Sabores Melancia PET 510ml (06) | F31: BFGI | G31: 60435 | H31: Crystal Sabores Novo SaborPet 510ml (06) | I31: AGUA | J31: Produzido | K31: 392 | L31: 6 | M31: UO Vera Cruz | N31: RS INT | O31: L01 | P31: AGUA | R31: 44927 | V31: Sem Sku Correspondente | W31: KO | X31: =G31 -> 60435 | Y31: Crystal Sabores Novo SaborPet 510ml (06)
A32: BFGGCrystal Sabores Tangerina e Capim Limao PET 510ml (06) | B32: BFGG1305 | C32: BFGG92701 | D32: 1305 | E32: Crystal Sabores Tangerina e Capim Limao PET 510ml (06) | F32: BFGG | G32: 92701 | H32: CRY SPARKLING TANG CAPLIM PET 510ml 6U | I32: AGUA | J32: Produzido | K32: 392 | L32: 6 | M32: UO Santa Maria | N32: RS INT | O32: L10 | P32: AGUA | Q32: Data a definir | R32: 44835 | T32: 17894900521006 | U32: 7894900521009 | V32: Sem Sku Correspondente | W32: KO | X32: =G32 -> 92701 | Y32: CRY SPARKLING TANG CAPLIM PET 510ml 6U
A33: BFGHCrystal Sabores Tangerina e Capim Limao PET 510ml (06) | B33: BFGH1305 | C33: BFGH92701 | D33: 1305 | E33: Crystal Sabores Tangerina e Capim Limao PET 510ml (06) | F33: BFGH | G33: 92701 | H33: CRY SPARKLING TANG CAPLIM PET 510ml 6U | I33: AGUA | J33: Produzido | K33: 392 | L33: 6 | M33: UO Passo Fundo | N33: RS INT | O33: L10 | P33: AGUA | Q33: Data a definir | R33: 44835 | T33: 17894900521006 | U33: 7894900521009 | V33: Sem Sku Correspondente | W33: KO | X33: =G33 -> 92701 | Y33: CRY SPARKLING TANG CAPLIM PET 510ml 6U
A34: BFGICrystal Sabores Tangerina e Capim Limao PET 510ml (06) | B34: BFGI1305 | C34: BFGI92701 | D34: 1305 | E34: Crystal Sabores Tangerina e Capim Limao PET 510ml (06) | F34: BFGI | G34: 92701 | H34: CRY SPARKLING TANG CAPLIM PET 510ml 6U | I34: AGUA | J34: Produzido | K34: 392 | L34: 6 | M34: UO Vera Cruz | N34: RS INT | O34: L10 | P34: AGUA | Q34: Data a definir | R34: 44835 | T34: 17894900521006 | U34: 7894900521009 | V34: Sem Sku Correspondente | W34: KO | X34: =G34 -> 92701 | Y34: CRY SPARKLING TANG CAPLIM PET 510ml 6U
A35: BFGGCrystal Vip C/G PET 350ml (12) | B35: BFGG87 | C35: BFGG92657 | D35: 87 | E35: Crystal Vip C/G PET 350ml (12) | F35: BFGG | G35: 92657 | H35: CRYSTAL VIP CG 350ML 12un CP | I35: AGUA | J35: Produzido | K35: 140 | L35: 12 | M35: UO Santa Maria | N35: RS INT | O35: L10 | P35: AGUA | Q35: Data a definir | R35: 44835 | T35: 17894900531203 | U35: 7894900531206 | V35: Sem Sku Correspondente | W35: KO | X35: =G35 -> 92657 | Y35: CRYSTAL VIP CG 350ML 12un CP
A36: BFGHCrystal Vip C/G PET 350ml (12) | B36: BFGH87 | C36: BFGH92657 | D36: 87 | E36: Crystal Vip C/G PET 350ml (12) | F36: BFGH | G36: 92657 | H36: CRYSTAL VIP CG 350ML 12un CP | I36: AGUA | J36: Produzido | K36: 140 | L36: 12 | M36: UO Passo Fundo | N36: RS INT | O36: L10 | P36: AGUA | Q36: Data a definir | R36: 44835 | T36: 17894900531203 | U36: 7894900531206 | V36: Sem Sku Correspondente | W36: KO | X36: =G36 -> 92657 | Y36: CRYSTAL VIP CG 350ML 12un CP
A37: BFGICrystal Vip C/G PET 350ml (12) | B37: BFGI87 | C37: BFGI92657 | D37: 87 | E37: Crystal Vip C/G PET 350ml (12) | F37: BFGI | G37: 92657 | H37: CRYSTAL VIP CG 350ML 12un CP | I37: AGUA | J37: Produzido | K37: 140 | L37: 12 | M37: UO Vera Cruz | N37: RS INT | O37: L10 | P37: AGUA | Q37: Data a definir | R37: 44835 | T37: 17894900531203 | U37: 7894900531206 | V37: Sem Sku Correspondente | W37: KO | X37: =G37 -> 92657 | Y37: CRYSTAL VIP CG 350ML 12un CP
A38: BFGGCrystal Vip S/G PET 350ml (12) | B38: BFGG88 | C38: BFGG92658 | D38: 88 | E38: Crystal Vip S/G PET 350ml (12) | F38: BFGG | G38: 92658 | H38: CRYSTAL VIP SG 350ML 12UN CP | I38: AGUA | J38: Produzido | K38: 140 | L38: 12 | M38: UO Santa Maria | N38: RS INT | O38: L10 | P38: AGUA | Q38: Data a definir | R38: 44835 | T38: 17894900530206 | U38: 7894900530209 | V38: Sem Sku Correspondente | W38: KO | X38: =G38 -> 92658 | Y38: CRYSTAL VIP SG 350ML 12UN CP
A39: BFGHCrystal Vip S/G PET 350ml (12) | B39: BFGH88 | C39: BFGH92658 | D39: 88 | E39: Crystal Vip S/G PET 350ml (12) | F39: BFGH | G39: 92658 | H39: CRYSTAL VIP SG 350ML 12UN CP | I39: AGUA | J39: Produzido | K39: 140 | L39: 12 | M39: UO Passo Fundo | N39: RS INT | O39: L10 | P39: AGUA | Q39: Data a definir | R39: 44835 | T39: 17894900530206 | U39: 7894900530209 | V39: Sem Sku Correspondente | W39: KO | X39: =G39 -> 92658 | Y39: CRYSTAL VIP SG 350ML 12UN CP
A40: BFGICrystal Vip S/G PET 350ml (12) | B40: BFGI88 | C40: BFGI92658 | D40: 88 | E40: Crystal Vip S/G PET 350ml (12) | F40: BFGI | G40: 92658 | H40: CRYSTAL VIP SG 350ML 12UN CP | I40: AGUA | J40: Produzido | K40: 140 | L40: 12 | M40: UO Vera Cruz | N40: RS INT | O40: L10 | P40: AGUA | Q40: Data a definir | R40: 44835 | T40: 17894900530206 | U40: 7894900530209 | V40: Sem Sku Correspondente | W40: KO | X40: =G40 -> 92658 | Y40: CRYSTAL VIP SG 350ML 12UN CP
A41: BFGGSmartwater PET 591ml C/G (06) | B41: BFGG7110 | C41: BFGG92755 | D41: 7110 | E41: Smartwater PET 591ml C/G (06) | F41: BFGG | G41: 92755 | H41: SMARTWATER PET591ML 6UFI MAINLINE CG CP | I41: AGUA | J41: Produzido | K41: 270 | L41: 6 | M41: UO Santa Maria | N41: RS INT | O41: L10 | P41: AGUA | Q41: Data a definir | R41: 44835 | T41: 7894900524512 | U41: 7894900524505 | V41: Sem Sku Correspondente | W41: KO | X41: =G41 -> 92755 | Y41: SMARTWATER PET591ML 6UFI MAINLINE CG CP
A42: BFGHSmartwater PET 591ml C/G (06) | B42: BFGH7110 | C42: BFGH92755 | D42: 7110 | E42: Smartwater PET 591ml C/G (06) | F42: BFGH | G42: 92755 | H42: SMARTWATER PET591ML 6UFI MAINLINE CG CP | I42: AGUA | J42: Produzido | K42: 270 | L42: 6 | M42: UO Passo Fundo | N42: RS INT | O42: L10 | P42: AGUA | Q42: Data a definir | R42: 44835 | T42: 7894900524512 | U42: 7894900524505 | V42: Sem Sku Correspondente | W42: KO | X42: =G42 -> 92755 | Y42: SMARTWATER PET591ML 6UFI MAINLINE CG CP
A43: BFGISmartwater PET 591ml C/G (06) | B43: BFGI7110 | C43: BFGI92755 | D43: 7110 | E43: Smartwater PET 591ml C/G (06) | F43: BFGI | G43: 92755 | H43: SMARTWATER PET591ML 6UFI MAINLINE CG CP | I43: AGUA | J43: Produzido | K43: 270 | L43: 6 | M43: UO Vera Cruz | N43: RS INT | O43: L10 | P43: AGUA | Q43: Data a definir | R43: 44835 | T43: 7894900524512 | U43: 7894900524505 | V43: Sem Sku Correspondente | W43: KO | X43: =G43 -> 92755 | Y43: SMARTWATER PET591ML 6UFI MAINLINE CG CP
... A46: BFGISmartwater PET 591ml S/G (06) | B46: BFGI1610 | C46: BFGI92726 | D46: 1610 | E46: Smartwater PET 591ml S/G (06) | F46: BFGI | G46: 92726 | H46: SMARTWATER PET591ML 6UFI MAINLINE SG CP | I46: AGUA | J46: Produzido | K46: 270 | L46: 6 | M46: UO Vera Cruz | N46: RS INT | O46: L10 | P46: AGUA | Q46: Data a definir | R46: 44835 | T46: 7894900524017 | U46: 7894900524000 | V46: Sem Sku Correspondente | W46: KO | X46: =G46 -> 92726 | Y46: SMARTWATER PET591ML 6UFI MAINLINE SG CP
A47: BFGGSchweppes Gin Tonica LT 310ml (06) | B47: BFGG4027 | C47: BFGG56640 | D47: 4027 | E47: Schweppes Gin Tonica LT 310ml (06) | F47: BFGG | G47: 56640 | H47: SCHW GIN TONICA LT310ml (6) FL CP | I47: ALCOHOLIC RTD | J47: Comprado | K47: 649 | L47: 6 | M47: UO Santa Maria | N47: RS INT | O47: S | P47: ALCOHOLIC RTD | T47: 17894900184034 | U47: 7894900184037 | V47: 1347 | W47: KO | X47: =G47 -> 56640 | Y47: SCHW GIN TONICA LT310ml (6) FL CP
A48: BFGHSchweppes Gin Tonica LT 310ml (06) | B48: BFGH4027 | C48: BFGH56640 | D48: 4027 | E48: Schweppes Gin Tonica LT 310ml (06) | F48: BFGH | G48: 56640 | H48: SCHW GIN TONICA LT310ml (6) FL CP | I48: ALCOHOLIC RTD | J48: Comprado | K48: 649 | L48: 6 | M48: UO Passo Fundo | N48: RS INT | O48: S | P48: ALCOHOLIC RTD | T48: 17894900184034 | U48: 7894900184037 | V48: 1347 | W48: KO | X48: =G48 -> 56640 | Y48: SCHW GIN TONICA LT310ml (6) FL CP
A49: BFGISchweppes Gin Tonica LT 310ml (06) | B49: BFGI4027 | C49: BFGI56640 | D49: 4027 | E49: Schweppes Gin Tonica LT 310ml (06) | F49: BFGI | G49: 56640 | H49: SCHW GIN TONICA LT310ml (6) FL CP | I49: ALCOHOLIC RTD | J49: Comprado | K49: 649 | L49: 6 | M49: UO Vera Cruz | N49: RS INT | O49: S | P49: ALCOHOLIC RTD | T49: 17894900184034 | U49: 7894900184037 | V49: 1347 | W49: KO | X49: =G49 -> 56640 | Y49: SCHW GIN TONICA LT310ml (6) FL CP
A50: BFGGSchweppes Gin Tonica Pink LT 310ml (06) | B50: BFGG9057 | C50: BFGG56761 | D50: 9057 | E50: Schweppes Gin Tonica Pink LT 310ml (06) | F50: BFGG | G50: 56761 | H50: SCHW GIN TONICA PINK LT310ml 6 FL CP | I50: ALCOHOLIC RTD | J50: Comprado | K50: 649 | L50: 6 | M50: UO Santa Maria | N50: RS INT | O50: L10 | P50: ALCOHOLIC RTD | R50: 44859 | T50: 17894900184133 | U50: 7894900184136 | V50: Sem Sku Correspondente | W50: KO | X50: =G50 -> 56761 | Y50: SCHW GIN TONICA PINK LT310ml 6 FL CP
A51: BFGHSchweppes Gin Tonica Pink LT 310ml (06) | B51: BFGH9057 | C51: BFGH56761 | D51: 9057 | E51: Schweppes Gin Tonica Pink LT 310ml (06) | F51: BFGH | G51: 56761 | H51: SCHW GIN TONICA PINK LT310ml 6 FL CP | I51: ALCOHOLIC RTD | J51: Comprado | K51: 649 | L51: 6 | M51: UO Passo Fundo | N51: RS INT | O51: L10 | P51: ALCOHOLIC RTD | R51: 44859 | T51: 17894900184133 | U51: 7894900184136 | V51: Sem Sku Correspondente | W51: KO | X51: =G51 -> 56761 | Y51: SCHW GIN TONICA PINK LT310ml 6 FL CP
A52: BFGISchweppes Gin Tonica Pink LT 310ml (06) | B52: BFGI9057 | C52: BFGI56761 | D52: 9057 | E52: Schweppes Gin Tonica Pink LT 310ml (06) | F52: BFGI | G52: 56761 | H52: SCHW GIN TONICA PINK LT310ml 6 FL CP | I52: ALCOHOLIC RTD | J52: Comprado | K52: 649 | L52: 6 | M52: UO Vera Cruz | N52: RS INT | O52: L10 | P52: ALCOHOLIC RTD | R52: 44859 | T52: 17894900184133 | U52: 7894900184136 | V52: Sem Sku Correspondente | W52: KO | X52: =G52 -> 56761 | Y52: SCHW GIN TONICA PINK LT310ml 6 FL CP
A53: BFGGSchweppes Spritz LT 310ml (06) | B53: BFGG4028 | C53: BFGG56641 | D53: 4028 | E53: Schweppes Spritz LT 310ml (06) | F53: BFGG | G53: 56641 | H53: SCHW SPRITZ LT310ml (6) FL CP | I53: ALCOHOLIC RTD | J53: Comprado | K53: 649 | L53: 6 | M53: UO Santa Maria | N53: RS INT | O53: S | P53: ALCOHOLIC RTD | T53: 17894900184331 | U53: 7894900184334 | V53: 1346 | W53: KO | X53: =G53 -> 56641 | Y53: SCHW SPRITZ LT310ml (6) FL CP
A54: BFGHSchweppes Spritz LT 310ml (06) | B54: BFGH4028 | C54: BFGH56641 | D54: 4028 | E54: Schweppes Spritz LT 310ml (06) | F54: BFGH | G54: 56641 | H54: SCHW SPRITZ LT310ml (6) FL CP | I54: ALCOHOLIC RTD | J54: Comprado | K54: 649 | L54: 6 | M54: UO Passo Fundo | N54: RS INT | O54: S | P54: ALCOHOLIC RTD | T54: 17894900184331 | U54: 7894900184334 | V54: 1346 | W54: KO | X54: =G54 -> 56641 | Y54: SCHW SPRITZ LT310ml (6) FL CP
A55: BFGISchweppes Spritz LT 310ml (06) | B55: BFGI4028 | C55: BFGI56641 | D55: 4028 | E55: Schweppes Spritz LT 310ml (06) | F55: BFGI | G55: 56641 | H55: SCHW SPRITZ LT310ml (6) FL CP | I55: ALCOHOLIC RTD | J55: Comprado | K55: 649 | L55: 6 | M55: UO Vera Cruz | N55: RS INT | O55: S | P55: ALCOHOLIC RTD | T55: 17894900184331 | U55: 7894900184334 | V55: 1346 | W55: KO | X55: =G55 -> 56641 | Y55: SCHW SPRITZ LT310ml (6) FL CP
A56: BFGGSchweppes Vodka Citrus LT 310ml (06) | B56: BFGG4029 | C56: BFGG56642 | D56: 4029 | E56: Schweppes Vodka Citrus LT 310ml (06) | F56: BFGG | G56: 56642 | H56: SCHW VODKA & CITRUS LT310ml (6) FL CP | I56: ALCOHOLIC RTD | J56: Comprado | K56: 649 | L56: 6 | M56: UO Santa Maria | N56: RS INT | O56: S | P56: ALCOHOLIC RTD | T56: 17894900184232 | U56: 7894900184235 | V56: 1348 | W56: KO | X56: =G56 -> 56642 | Y56: SCHW VODKA & CITRUS LT310ml (6) FL CP
A57: BFGHSchweppes Vodka Citrus LT 310ml (06) | B57: BFGH4029 | C57: BFGH56642 | D57: 4029 | E57: Schweppes Vodka Citrus LT 310ml (06) | F57: BFGH | G57: 56642 | H57: SCHW VODKA & CITRUS LT310ml (6) FL CP | I57: ALCOHOLIC RTD | J57: Comprado | K57: 649 | L57: 6 | M57: UO Passo Fundo | N57: RS INT | O57: S | P57: ALCOHOLIC RTD | T57: 17894900184232 | U57: 7894900184235 | V57: 1348 | W57: KO | X57: =G57 -> 56642 | Y57: SCHW VODKA & CITRUS LT310ml (6) FL CP
A58: BFGISchweppes Vodka Citrus LT 310ml (06) | B58: BFGI4029 | C58: BFGI56642 | D58: 4029 | E58: Schweppes Vodka Citrus LT 310ml (06) | F58: BFGI | G58: 56642 | H58: SCHW VODKA & CITRUS LT310ml (6) FL CP | I58: ALCOHOLIC RTD | J58: Comprado | K58: 649 | L58: 6 | M58: UO Vera Cruz | N58: RS INT | O58: S | P58: ALCOHOLIC RTD | T58: 17894900184232 | U58: 7894900184235 | V58: 1348 | W58: KO | X58: =G58 -> 56642 | Y58: SCHW VODKA & CITRUS LT310ml (6) FL CP
A59: BFGGSmirnoff Ice Limao LT 269ml (06) | B59: BFGG5053 | C59: BFGG139581 | D59: 5053 | E59: Smirnoff Ice Limao LT 269ml (06) | F59: BFGG | G59: 139581 | H59: SMIRNOFF269LT 6 FI | I59: ALCOHOLIC RTD | J59: Comprado | K59: 520 | L59: 6 | M59: UO Santa Maria | N59: RS INT | O59: S | P59: ALCOHOLIC RTD | Q59: Data a Definir | T59: 7893218003580 | U59: 7893218003610 | V59: 139581 | W59: DIAGEO | X59: =G59 -> 139581 | Y59: SMIRNOFF269LT 6 FI
A60: BFGHSmirnoff Ice Limao LT 269ml (06) | B60: BFGH5053 | C60: BFGH139581 | D60: 5053 | E60: Smirnoff Ice Limao LT 269ml (06) | F60: BFGH | G60: 139581 | H60: SMIRNOFF269LT 6 FI | I60: ALCOHOLIC RTD | J60: Comprado | K60: 520 | L60: 6 | M60: UO Passo Fundo | N60: RS INT | O60: S | P60: ALCOHOLIC RTD | Q60: Data a Definir | T60: 7893218003580 | U60: 7893218003610 | V60: 139581 | W60: DIAGEO | X60: =G60 -> 139581 | Y60: SMIRNOFF269LT 6 FI
A61: BFGISmirnoff Ice Limao LT 269ml (06) | B61: BFGI5053 | C61: BFGI139581 | D61: 5053 | E61: Smirnoff Ice Limao LT 269ml (06) | F61: BFGI | G61: 139581 | H61: SMIRNOFF269LT 6 FI | I61: ALCOHOLIC RTD | J61: Comprado | K61: 520 | L61: 6 | M61: UO Vera Cruz | N61: RS INT | O61: S | P61: ALCOHOLIC RTD | Q61: Data a Definir | T61: 7893218003580 | U61: 7893218003610 | V61: 139581 | W61: DIAGEO | X61: =G61 -> 139581 | Y61: SMIRNOFF269LT 6 FI
A62: BFGGTanqueray Sevilla Tonic NRGB 275ml (04) | B62: BFGG5049 | C62: BFGG139577 | D62: 5049 | E62: Tanqueray Sevilla Tonic NRGB 275ml (04) | F62: BFGG | G62: 139577 | H62: TANQUERAY SEVILLA & TONIC VD 275mL(4)FL | I62: ALCOHOLIC RTD | J62: Comprado | K62: 546 | L62: 4 | M62: UO Santa Maria | N62: RS INT | O62: S | P62: ALCOHOLIC RTD | Q62: Data a Definir | T62: 17893218003761 | U62: 7893218003764 | V62: Sem Sku Correspondente | W62: DIAGEO | X62: =G62 -> 139577 | Y62: TANQUERAY SEVILLA & TONIC VD 275mL(4)FL
A63: BFGHTanqueray Sevilla Tonic NRGB 275ml (04) | B63: BFGH5049 | C63: BFGH139577 | D63: 5049 | E63: Tanqueray Sevilla Tonic NRGB 275ml (04) | F63: BFGH | G63: 139577 | H63: TANQUERAY SEVILLA & TONIC VD 275mL(4)FL | I63: ALCOHOLIC RTD | J63: Comprado | K63: 546 | L63: 4 | M63: UO Passo Fundo | N63: RS INT | O63: S | P63: ALCOHOLIC RTD | Q63: Data a Definir | T63: 17893218003761 | U63: 7893218003764 | V63: Sem Sku Correspondente | W63: DIAGEO | X63: =G63 -> 139577 | Y63: TANQUERAY SEVILLA & TONIC VD 275mL(4)FL
A64: BFGITanqueray Sevilla Tonic NRGB 275ml (04) | B64: BFGI5049 | C64: BFGI139577 | D64: 5049 | E64: Tanqueray Sevilla Tonic NRGB 275ml (04) | F64: BFGI | G64: 139577 | H64: TANQUERAY SEVILLA & TONIC VD 275mL(4)FL | I64: ALCOHOLIC RTD | J64: Comprado | K64: 546 | L64: 4 | M64: UO Vera Cruz | N64: RS INT | O64: S | P64: ALCOHOLIC RTD | Q64: Data a Definir | T64: 17893218003761 | U64: 7893218003764 | V64: Sem Sku Correspondente | W64: DIAGEO | X64: =G64 -> 139577 | Y64: TANQUERAY SEVILLA & TONIC VD 275mL(4)FL
A65: BFGGTanqueray Tonic NRGB 275ml (04) | B65: BFGG5048 | C65: BFGG139576 | D65: 5048 | E65: Tanqueray Tonic NRGB 275ml (04) | F65: BFGG | G65: 139576 | H65: TANQUERAY LD & TONIC VD 275mL(4)FL | I65: ALCOHOLIC RTD | J65: Comprado | K65: 546 | L65: 4 | M65: UO Santa Maria | N65: RS INT | O65: S | P65: ALCOHOLIC RTD | Q65: Data a Definir | T65: 17893218003754 | U65: 7893218003757 | V65: Sem Sku Correspondente | W65: DIAGEO | X65: =G65 -> 139576 | Y65: TANQUERAY LD & TONIC VD 275mL(4)FL
A66: BFGHTanqueray Tonic NRGB 275ml (04) | B66: BFGH5048 | C66: BFGH139576 | D66: 5048 | E66: Tanqueray Tonic NRGB 275ml (04) | F66: BFGH | G66: 139576 | H66: TANQUERAY LD & TONIC VD 275mL(4)FL | I66: ALCOHOLIC RTD | J66: Comprado | K66: 546 | L66: 4 | M66: UO Passo Fundo | N66: RS INT | O66: S | P66: ALCOHOLIC RTD | Q66: Data a Definir | T66: 17893218003754 | U66: 7893218003757 | V66: Sem Sku Correspondente | W66: DIAGEO | X66: =G66 -> 139576 | Y66: TANQUERAY LD & TONIC VD 275mL(4)FL
A67: BFGITanqueray Tonic NRGB 275ml (04) | B67: BFGI5048 | C67: BFGI139576 | D67: 5048 | E67: Tanqueray Tonic NRGB 275ml (04) | F67: BFGI | G67: 139576 | H67: TANQUERAY LD & TONIC VD 275mL(4)FL | I67: ALCOHOLIC RTD | J67: Comprado | K67: 546 | L67: 4 | M67: UO Vera Cruz | N67: RS INT | O67: S | P67: ALCOHOLIC RTD | Q67: Data a Definir | T67: 17893218003754 | U67: 7893218003757 | V67: Sem Sku Correspondente | W67: DIAGEO | X67: =G67 -> 139576 | Y67: TANQUERAY LD & TONIC VD 275mL(4)FL
A68: BFGGTopo Chico Abacaxi LT 310ml (06) | B68: BFGG4026 | C68: BFGG143003 | D68: 4026 | E68: Topo Chico Abacaxi LT 310ml (06) | F68: BFGG | G68: 143003 | H68: TOPOCHICO ABACAXI LT ALUM 310ML(6) FI CP | I68: ALCOHOLIC RTD | J68: Comprado | K68: 649 | L68: 6 | M68: UO Santa Maria | N68: RS INT | O68: S | P68: ALCOHOLIC RTD | T68: 7894900335033 | U68: 7894900335026 | V68: 1345 | W68: KO | X68: =G68 -> 143003 | Y68: TOPOCHICO ABACAXI LT ALUM 310ML(6) FI CP
A69: BFGHTopo Chico Abacaxi LT 310ml (06) | B69: BFGH4026 | C69: BFGH143003 | D69: 4026 | E69: Topo Chico Abacaxi LT 310ml (06) | F69: BFGH | G69: 143003 | H69: TOPOCHICO ABACAXI LT ALUM 310ML(6) FI CP | I69: ALCOHOLIC RTD | J69: Comprado | K69: 649 | L69: 6 | M69: UO Passo Fundo | N69: RS INT | O69: S | P69: ALCOHOLIC RTD | T69: 7894900335033 | U69: 7894900335026 | V69: 1345 | W69: KO | X69: =G69 -> 143003 | Y69: TOPOCHICO ABACAXI LT ALUM 310ML(6) FI CP
A70: BFGITopo Chico Abacaxi LT 310ml (06) | B70: BFGI4026 | C70: BFGI143003 | D70: 4026 | E70: Topo Chico Abacaxi LT 310ml (06) | F70: BFGI | G70: 143003 | H70: TOPOCHICO ABACAXI LT ALUM 310ML(6) FI CP | I70: ALCOHOLIC RTD | J70: Comprado | K70: 649 | L70: 6 | M70: UO Vera Cruz | N70: RS INT | O70: S | P70: ALCOHOLIC RTD | T70: 7894900335033 | U70: 7894900335026 | V70: 1345 | W70: KO | X70: =G70 -> 143003 | Y70: TOPOCHICO ABACAXI LT ALUM 310ML(6) FI CP
A71: BFGGTopo Chico Morango Goiaba LT 310ml (06) | B71: BFGG4025 | C71: BFGG143002 | D71: 4025 | E71: Topo Chico Morango Goiaba LT 310ml (06) | F71: BFGG | G71: 143002 | H71: TOPOCHICO MGOGOIAB LT ALUM 310ML(6)FI CP | I71: ALCOHOLIC RTD | J71: Comprado | K71: 649 | L71: 6 | M71: UO Santa Maria | N71: RS INT | O71: S | P71: ALCOHOLIC RTD | T71: 7894900335057 | U71: 7894900335040 | V71: 1343 | W71: KO | X71: =G71 -> 143002 | Y71: TOPOCHICO MGOGOIAB LT ALUM 310ML(6)FI CP
A72: BFGHTopo Chico Morango Goiaba LT 310ml (06) | B72: BFGH4025 | C72: BFGH143002 | D72: 4025 | E72: Topo Chico Morango Goiaba LT 310ml (06) | F72: BFGH | G72: 143002 | H72: TOPOCHICO MGOGOIAB LT ALUM 310ML(6)FI CP | I72: ALCOHOLIC RTD | J72: Comprado | K72: 649 | L72: 6 | M72: UO Passo Fundo | N72: RS INT | O72: S | P72: ALCOHOLIC RTD | T72: 7894900335057 | U72: 7894900335040 | V72: 1343 | W72: KO | X72: =G72 -> 143002 | Y72: TOPOCHICO MGOGOIAB LT ALUM 310ML(6)FI CP
A73: BFGITopo Chico Morango Goiaba LT 310ml (06) | B73: BFGI4025 | C73: BFGI143002 | D73: 4025 | E73: Topo Chico Morango Goiaba LT 310ml (06) | F73: BFGI | G73: 143002 | H73: TOPOCHICO MGOGOIAB LT ALUM 310ML(6)FI CP | I73: ALCOHOLIC RTD | J73: Comprado | K73: 649 | L73: 6 | M73: UO Vera Cruz | N73: RS INT | O73: S | P73: ALCOHOLIC RTD | T73: 7894900335057 | U73: 7894900335040 | V73: 1343 | W73: KO | X73: =G73 -> 143002 | Y73: TOPOCHICO MGOGOIAB LT ALUM 310ML(6)FI CP
A74: BFGGPettiz Amendoim Japones Special 50g (20) | B74: BFGG7046 | C74: BFGG141044 | D74: 7046 | E74: Pettiz Amendoim Japones Special 50g (20) | F74: BFGG | G74: 141044 | H74: PETTIZ AMENDOIM JAPONES SPECIAL 50G (20) | I74: ALIMENTOS | J74: Comprado | K74: 147 | L74: 1 | M74: UO Santa Maria | N74: RS INT | O74: S | P74: ALIMENTOS | Q74: Data a Definir | T74: 17896058599050 | U74: 7896058599053 | V74: 141044 | W74: DORI | X74: =G74 -> 141044 | Y74: PETTIZ AMENDOIM JAPONES SPECIAL 50G (20)
A75: BFGHPettiz Amendoim Japones Special 50g (20) | B75: BFGH7046 | C75: BFGH141044 | D75: 7046 | E75: Pettiz Amendoim Japones Special 50g (20) | F75: BFGH | G75: 141044 | H75: PETTIZ AMENDOIM JAPONES SPECIAL 50G (20) | I75: ALIMENTOS | J75: Comprado | K75: 147 | L75: 1 | M75: UO Passo Fundo | N75: RS INT | O75: S | P75: ALIMENTOS | Q75: Data a Definir | T75: 17896058599050 | U75: 7896058599053 | V75: 141044 | W75: DORI | X75: =G75 -> 141044 | Y75: PETTIZ AMENDOIM JAPONES SPECIAL 50G (20)
A76: BFGIPettiz Amendoim Japones Special 50g (20) | B76: BFGI7046 | C76: BFGI141044 | D76: 7046 | E76: Pettiz Amendoim Japones Special 50g (20) | F76: BFGI | G76: 141044 | H76: PETTIZ AMENDOIM JAPONES SPECIAL 50G (20) | I76: ALIMENTOS | J76: Comprado | K76: 147 | L76: 1 | M76: UO Vera Cruz | N76: RS INT | O76: S | P76: ALIMENTOS | Q76: Data a Definir | T76: 17896058599050 | U76: 7896058599053 | V76: 141044 | W76: DORI | X76: =G76 -> 141044 | Y76: PETTIZ AMENDOIM JAPONES SPECIAL 50G (20)
A77: BFGGPettiz Amendoim Tor e Salg Special 50g (20) | B77: BFGG7047 | C77: BFGG141045 | D77: 7047 | E77: Pettiz Amendoim Tor e Salg Special 50g (20) | F77: BFGG | G77: 141045 | H77: PETTIZ AMEND TOR E SALG SPECIAL 50G (20) | I77: ALIMENTOS | J77: Comprado | K77: 147 | L77: 1 | M77: UO Santa Maria | N77: RS INT | O77: S | P77: ALIMENTOS | Q77: Data a Definir | T77: 17896058599067 | U77: 7896058599060 | V77: 141045 | W77: DORI | X77: =G77 -> 141045 | Y77: PETTIZ AMEND TOR E SALG SPECIAL 50G (20)
A78: BFGHPettiz Amendoim Tor e Salg Special 50g (20) | B78: BFGH7047 | C78: BFGH141045 | D78: 7047 | E78: Pettiz Amendoim Tor e Salg Special 50g (20) | F78: BFGH | G78: 141045 | H78: PETTIZ AMEND TOR E SALG SPECIAL 50G (20) | I78: ALIMENTOS | J78: Comprado | K78: 147 | L78: 1 | M78: UO Passo Fundo | N78: RS INT | O78: S | P78: ALIMENTOS | Q78: Data a Definir | T78: 17896058599067 | U78: 7896058599060 | V78: 141045 | W78: DORI | X78: =G78 -> 141045 | Y78: PETTIZ AMEND TOR E SALG SPECIAL 50G (20)
A79: BFGIPettiz Amendoim Tor e Salg Special 50g (20) | B79: BFGI7047 | C79: BFGI141045 | D79: 7047 | E79: Pettiz Amendoim Tor e Salg Special 50g (20) | F79: BFGI | G79: 141045 | H79: PETTIZ AMEND TOR E SALG SPECIAL 50G (20) | I79: ALIMENTOS | J79: Comprado | K79: 147 | L79: 1 | M79: UO Vera Cruz | N79: RS INT | O79: S | P79: ALIMENTOS | Q79: Data a Definir | T79: 17896058599067 | U79: 7896058599060 | V79: 141045 | W79: DORI | X79: =G79 -> 141045 | Y79: PETTIZ AMEND TOR E SALG SPECIAL 50G (20)
A80: BFGGFruittella Mastig Morango Vita C 10P (24) | B80: BFGG7013 | C80: BFGG141014 | D80: 7013 | E80: Fruittella Mastig Morango Vita C 10P (24) | F80: BFGG | G80: 141014 | H80: FRUITTELLA MASTIG MORANGO VITA C 16P | I80: BALAS E GOMAS | J80: Comprado | K80: 1080 | L80: 15 | M80: UO Santa Maria | N80: RS INT | O80: S | P80: BALAS E GOMAS | Q80: Data a Definir | T80: 7896262305075 | U80: 7896262305075 | V80: 141014 | W80: PERFETTI | X80: =G80 -> 141014 | Y80: FRUITTELLA MASTIG MORANGO VITA C 16P
A81: BFGHFruittella Mastig Morango Vita C 10P (24) | B81: BFGH7013 | C81: BFGH141014 | D81: 7013 | E81: Fruittella Mastig Morango Vita C 10P (24) | F81: BFGH | G81: 141014 | H81: FRUITTELLA MASTIG MORANGO VITA C 16P | I81: BALAS E GOMAS | J81: Comprado | K81: 1080 | L81: 15 | M81: UO Passo Fundo | N81: RS INT | O81: S | P81: BALAS E GOMAS | Q81: Data a Definir | T81: 7896262305075 | U81: 7896262305075 | V81: 141014 | W81: PERFETTI | X81: =G81 -> 141014 | Y81: FRUITTELLA MASTIG MORANGO VITA C 16P
A82: BFGIFruittella Mastig Morango Vita C 10P (24) | B82: BFGI7013 | C82: BFGI141014 | D82: 7013 | E82: Fruittella Mastig Morango Vita C 10P (24) | F82: BFGI | G82: 141014 | H82: FRUITTELLA MASTIG MORANGO VITA C 16P | I82: BALAS E GOMAS | J82: Comprado | K82: 1080 | L82: 15 | M82: UO Vera Cruz | N82: RS INT | O82: S | P82: BALAS E GOMAS | Q82: Data a Definir | T82: 7896262305075 | U82: 7896262305075 | V82: 141014 | W82: PERFETTI | X82: =G82 -> 141014 | Y82: FRUITTELLA MASTIG MORANGO VITA C 16P
A83: BFGGFruittella Swirl Morango Vita C (12) | B83: BFGG7014 | C83: BFGG141015 | D83: 7014 | E83: Fruittella Swirl Morango Vita C (12) | F83: BFGG | G83: 141015 | H83: FRUITTELLA SWIRL MORANGO VITA C 15P | I83: BALAS E GOMAS | J83: Comprado | K83: 660 | L83: 15 | M83: UO Santa Maria | N83: RS INT | O83: S | P83: BALAS E GOMAS | Q83: Data a Definir | T83: 7895144228518 | U83: 7895144228518 | V83: Sem Sku Correspondente | W83: PERFETTI | X83: =G83 -> 141015 | Y83: FRUITTELLA SWIRL MORANGO VITA C 15P
A84: BFGHFruittella Swirl Morango Vita C (12) | B84: BFGH7014 | C84: BFGH141015 | D84: 7014 | E84: Fruittella Swirl Morango Vita C (12) | F84: BFGH | G84: 141015 | H84: FRUITTELLA SWIRL MORANGO VITA C 15P | I84: BALAS E GOMAS | J84: Comprado | K84: 660 | L84: 15 | M84: UO Passo Fundo | N84: RS INT | O84: S | P84: BALAS E GOMAS | Q84: Data a Definir | T84: 7895144228518 | U84: 7895144228518 | V84: Sem Sku Correspondente | W84: PERFETTI | X84: =G84 -> 141015 | Y84: FRUITTELLA SWIRL MORANGO VITA C 15P
A85: BFGIFruittella Swirl Morango Vita C (12) | B85: BFGI7014 | C85: BFGI141015 | D85: 7014 | E85: Fruittella Swirl Morango Vita C (12) | F85: BFGI | G85: 141015 | H85: FRUITTELLA SWIRL MORANGO VITA C 15P | I85: BALAS E GOMAS | J85: Comprado | K85: 660 | L85: 15 | M85: UO Vera Cruz | N85: RS INT | O85: S | P85: BALAS E GOMAS | Q85: Data a Definir | T85: 7895144228518 | U85: 7895144228518 | V85: Sem Sku Correspondente | W85: PERFETTI | X85: =G85 -> 141015 | Y85: FRUITTELLA SWIRL MORANGO VITA C 15P
A86: BFGGMentos Frutas Stick 14P (24) | B86: BFGG7005 | C86: BFGG141006 | D86: 7005 | E86: Mentos Frutas Stick 14P (24) | F86: BFGG | G86: 141006 | H86: MENTOS FRUTAS STICK 14P | I86: BALAS E GOMAS | J86: Comprado | K86: 1464 | L86: 16 | M86: UO Santa Maria | N86: RS INT | O86: S | P86: BALAS E GOMAS | Q86: Data a Definir | T86: 7896262304467 | U86: 7896262304467 | V86: Sem Sku Correspondente | W86: PERFETTI | X86: =G86 -> 141006 | Y86: MENTOS FRUTAS STICK 14P
A87: BFGHMentos Frutas Stick 14P (24) | B87: BFGH7005 | C87: BFGH141006 | D87: 7005 | E87: Mentos Frutas Stick 14P (24) | F87: BFGH | G87: 141006 | H87: MENTOS FRUTAS STICK 14P | I87: BALAS E GOMAS | J87: Comprado | K87: 1464 | L87: 16 | M87: UO Passo Fundo | N87: RS INT | O87: S | P87: BALAS E GOMAS | Q87: Data a Definir | T87: 7896262304467 | U87: 7896262304467 | V87: Sem Sku Correspondente | W87: PERFETTI | X87: =G87 -> 141006 | Y87: MENTOS FRUTAS STICK 14P
A88: BFGIMentos Frutas Stick 14P (24) | B88: BFGI7005 | C88: BFGI141006 | D88: 7005 | E88: Mentos Frutas Stick 14P (24) | F88: BFGI | G88: 141006 | H88: MENTOS FRUTAS STICK 14P | I88: BALAS E GOMAS | J88: Comprado | K88: 1464 | L88: 16 | M88: UO Vera Cruz | N88: RS INT | O88: S | P88: BALAS E GOMAS | Q88: Data a Definir | T88: 7896262304467 | U88: 7896262304467 | V88: Sem Sku Correspondente | W88: PERFETTI | X88: =G88 -> 141006 | Y88: MENTOS FRUTAS STICK 14P
A89: BFGGMentos Frutas Vermelhas Stick 14P (16) | B89: BFGG7022 | C89: BFGG141020 | D89: 7022 | E89: Mentos Frutas Vermelhas Stick 14P (16) | F89: BFGG | G89: 141020 | H89: MENTOS FRUTAS VERMELHAS STICK 16 | I89: BALAS E GOMAS | J89: Comprado | K89: 1464 | L89: 16 | M89: UO Santa Maria | N89: RS INT | O89: S | P89: BALAS E GOMAS | Q89: Data a Definir | T89: 17895144693061 | U89: 7895144693064 | V89: Sem Sku Correspondente | W89: PERFETTI | X89: =G89 -> 141020 | Y89: MENTOS FRUTAS VERMELHAS STICK 16
A90: BFGHMentos Frutas Vermelhas Stick 14P (16) | B90: BFGH7022 | C90: BFGH141020 | D90: 7022 | E90: Mentos Frutas Vermelhas Stick 14P (16) | F90: BFGH | G90: 141020 | H90: MENTOS FRUTAS VERMELHAS STICK 16 | I90: BALAS E GOMAS | J90: Comprado | K90: 1464 | L90: 16 | M90: UO Passo Fundo | N90: RS INT | O90: S | P90: BALAS E GOMAS | Q90: Data a Definir | T90: 17895144693061 | U90: 7895144693064 | V90: Sem Sku Correspondente | W90: PERFETTI | X90: =G90 -> 141020 | Y90: MENTOS FRUTAS VERMELHAS STICK 16
A91: BFGIMentos Frutas Vermelhas Stick 14P (16) | B91: BFGI7022 | C91: BFGI141020 | D91: 7022 | E91: Mentos Frutas Vermelhas Stick 14P (16) | F91: BFGI | G91: 141020 | H91: MENTOS FRUTAS VERMELHAS STICK 16 | I91: BALAS E GOMAS | J91: Comprado | K91: 1464 | L91: 16 | M91: UO Vera Cruz | N91: RS INT | O91: S | P91: BALAS E GOMAS | Q91: Data a Definir | T91: 17895144693061 | U91: 7895144693064 | V91: Sem Sku Correspondente | W91: PERFETTI | X91: =G91 -> 141020 | Y91: MENTOS FRUTAS VERMELHAS STICK 16
A92: BFGGMentos Mint Stick 14P (24) | B92: BFGG7006 | C92: BFGG141007 | D92: 7006 | E92: Mentos Mint Stick 14P (24) | F92: BFGG | G92: 141007 | H92: MENTOS MINT STICK 14P | I92: BALAS E GOMAS | J92: Comprado | K92: 1464 | L92: 16 | M92: UO Santa Maria | N92: RS INT | O92: S | P92: BALAS E GOMAS | Q92: Data a Definir | T92: 7896262304450 | U92: 7896262304450 | V92: Sem Sku Correspondente | W92: PERFETTI | X92: =G92 -> 141007 | Y92: MENTOS MINT STICK 14P
A93: BFGHMentos Mint Stick 14P (24) | B93: BFGH7006 | C93: BFGH141007 | D93: 7006 | E93: Mentos Mint Stick 14P (24) | F93: BFGH | G93: 141007 | H93: MENTOS MINT STICK 14P | I93: BALAS E GOMAS | J93: Comprado | K93: 1464 | L93: 16 | M93: UO Passo Fundo | N93: RS INT | O93: S | P93: BALAS E GOMAS | Q93: Data a Definir | T93: 7896262304450 | U93: 7896262304450 | V93: Sem Sku Correspondente | W93: PERFETTI | X93: =G93 -> 141007 | Y93: MENTOS MINT STICK 14P
A94: BFGIMentos Mint Stick 14P (24) | B94: BFGI7006 | C94: BFGI141007 | D94: 7006 | E94: Mentos Mint Stick 14P (24) | F94: BFGI | G94: 141007 | H94: MENTOS MINT STICK 14P | I94: BALAS E GOMAS | J94: Comprado | K94: 1464 | L94: 16 | M94: UO Vera Cruz | N94: RS INT | O94: S | P94: BALAS E GOMAS | Q94: Data a Definir | T94: 7896262304450 | U94: 7896262304450 | V94: Sem Sku Correspondente | W94: PERFETTI | X94: =G94 -> 141007 | Y94: MENTOS MINT STICK 14P
... A136: BFGIMentos Strong Mint Slab 5P (15) | B136: BFGI7023 | C136: BFGI141021 | D136: 7023 | E136: Mentos Strong Mint Slab 5P (15) | F136: BFGI | G136: 141021 | H136: MENTOS STRONG MINT SLAB 15 | I136: BALAS E GOMAS | J136: Comprado | K136: 2448 | L136: 15 | M136: UO Vera Cruz | N136: RS INT | O136: S | P136: BALAS E GOMAS | Q136: Data a Definir | T136: 17895144853731 | U136: 7895144853734 | V136: Sem Sku Correspondente | W136: PERFETTI | X136: =G136 -> 141021 | Y136: MENTOS STRONG MINT SLAB 15
A137: BFGGMentos Tutti-Frutti Stick 14P (16) | B137: BFGG7020 | C137: BFGG141018 | D137: 7020 | E137: Mentos Tutti-Frutti Stick 14P (16) | F137: BFGG | G137: 141018 | H137: MENTOS TUTTI-FRUTTI STICK 16 | I137: BALAS E GOMAS | J137: Comprado | K137: 1464 | L137: 16 | M137: UO Santa Maria | N137: RS INT | O137: S | P137: BALAS E GOMAS | Q137: Data a Definir | T137: 17895144693221 | U137: 7895144693224 | V137: 141018 | W137: PERFETTI | X137: =G137 -> 141018 | Y137: MENTOS TUTTI-FRUTTI STICK 16
A138: BFGHMentos Tutti-Frutti Stick 14P (16) | B138: BFGH7020 | C138: BFGH141018 | D138: 7020 | E138: Mentos Tutti-Frutti Stick 14P (16) | F138: BFGH | G138: 141018 | H138: MENTOS TUTTI-FRUTTI STICK 16 | I138: BALAS E GOMAS | J138: Comprado | K138: 1464 | L138: 16 | M138: UO Passo Fundo | N138: RS INT | O138: S | P138: BALAS E GOMAS | Q138: Data a Definir | T138: 17895144693221 | U138: 7895144693224 | V138: 141018 | W138: PERFETTI | X138: =G138 -> 141018 | Y138: MENTOS TUTTI-FRUTTI STICK 16
A139: BFGIMentos Tutti-Frutti Stick 14P (16) | B139: BFGI7020 | C139: BFGI141018 | D139: 7020 | E139: Mentos Tutti-Frutti Stick 14P (16) | F139: BFGI | G139: 141018 | H139: MENTOS TUTTI-FRUTTI STICK 16 | I139: BALAS E GOMAS | J139: Comprado | K139: 1464 | L139: 16 | M139: UO Vera Cruz | N139: RS INT | O139: S | P139: BALAS E GOMAS | Q139: Data a Definir | T139: 17895144693221 | U139: 7895144693224 | V139: 141018 | W139: PERFETTI | X139: =G139 -> 141018 | Y139: MENTOS TUTTI-FRUTTI STICK 16
A140: BFGGAdes Frutas Abacaxi TP 1L (06) | B140: BFGG873 | C140: BFGG119143 | D140: 873 | E140: Ades Frutas Abacaxi TP 1L (06) | F140: BFGG | G140: 119143 | H140: ADES ABACAXI TP 1L 6U CP | I140: BEBIDAS VEGETAIS | J140: Comprado | K140: 135 | L140: 6 | M140: UO Santa Maria | N140: RS INT | O140: S | P140: BEBIDAS VEGETAIS | T140: 17894900087007 | U140: 7894900087000 | V140: 1293 | W140: KO | X140: =G140 -> 119143 | Y140: ADES ABACAXI TP 1L 6U CP
A141: BFGHAdes Frutas Abacaxi TP 1L (06) | B141: BFGH873 | C141: BFGH119143 | D141: 873 | E141: Ades Frutas Abacaxi TP 1L (06) | F141: BFGH | G141: 119143 | H141: ADES ABACAXI TP 1L 6U CP | I141: BEBIDAS VEGETAIS | J141: Comprado | K141: 135 | L141: 6 | M141: UO Passo Fundo | N141: RS INT | O141: S | P141: BEBIDAS VEGETAIS | T141: 17894900087007 | U141: 7894900087000 | V141: 1293 | W141: KO | X141: =G141 -> 119143 | Y141: ADES ABACAXI TP 1L 6U CP
A142: BFGIAdes Frutas Abacaxi TP 1L (06) | B142: BFGI873 | C142: BFGI119143 | D142: 873 | E142: Ades Frutas Abacaxi TP 1L (06) | F142: BFGI | G142: 119143 | H142: ADES ABACAXI TP 1L 6U CP | I142: BEBIDAS VEGETAIS | J142: Comprado | K142: 135 | L142: 6 | M142: UO Vera Cruz | N142: RS INT | O142: S | P142: BEBIDAS VEGETAIS | T142: 17894900087007 | U142: 7894900087000 | V142: 1293 | W142: KO | X142: =G142 -> 119143 | Y142: ADES ABACAXI TP 1L 6U CP
A143: BFGGAdes Frutas Laranja TP 1L (06) | B143: BFGG875 | C143: BFGG119144 | D143: 875 | E143: Ades Frutas Laranja TP 1L (06) | F143: BFGG | G143: 119144 | H143: ADES LARANJA TP 1L 6U CP | I143: BEBIDAS VEGETAIS | J143: Comprado | K143: 135 | L143: 6 | M143: UO Santa Maria | N143: RS INT | O143: S | P143: BEBIDAS VEGETAIS | T143: 17894900087045 | U143: 7894900087048 | V143: 1290 | W143: KO | X143: =G143 -> 119144 | Y143: ADES LARANJA TP 1L 6U CP
...

Sheet LISTA DE PRODUTOS
A1: Código DUN | B1: Código EAN | C1: SKU ECC | D1: Descrição SKU ECC | E1: Categoria | F1: Apresentação
A2: 17894900531012 | B2: 7894900531015 | C2: 92520 | D2: CRYSTAL 1,5L COM GÁS 06UN | E2: AGUA | F2: 6
A3: 17894900531005 | B3: 7894900531008 | C3: 92522 | D3: CRYSTAL 500ML COM GÁS 12UN | E3: AGUA | F3: 12
A4: 7894900530148 | B4: 7894900530049 | C4: 92536 | D4: CRYSTAL COPO 310ML SG 48UN CP . | E4: AGUA | F4: 48
A5: 17894900530053 | B5: 7894900530056 | C5: 92581 | D5: CRYSTAL 05L C/2 CP | E5: AGUA | F5: 2
A6: 17894900530039 | B6: 7894900530032 | C6: 92521 | D6: CRYSTAL 1,5L SEM GÁS 06UN | E6: AGUA | F6: 6
A7: 7894900530278 | B7: 7894900530032 | C7: 92670 | D7: CRYST 1,5L SEM GÁS 08UN PROM FI CP | E7: AGUA | F7: 8
A8: 17894900530008 | B8: 7894900530001 | C8: 92527 | D8: CRYSTAL 500ML SEM GÁS 12UN | E8: AGUA | F8: 12
A9: 17894900521501 | B9: 7894900521504 | C9: 92723 | D9: CRY SPARKLING FRUTAS VERM PET510 6U FL | E9: AGUA | F9: 6
A10: 17894900520504 | B10: 7894900520507 | C10: 92721 | D10: CRY SPARKLING LIMAO PET 510ml 6U FL | E10: AGUA | F10: 6
A11: 17894900523000 | B11: 7894900523003 | C11: 92808 | D11: CRY SPARKLING MELANCIA PET 510 6U FL | E11: AGUA | F11: 6
A12: 17894900521006 | B12: 7894900521009 | C12: 92701 | D12: CRY SPARKLING TANG CAPLIM PET 510ml 6U | E12: AGUA | F12: 6
A13: 17894900531203 | B13: 7894900531206 | C13: 92657 | D13: CRYSTAL VIP CG 350ML 12un CP | E13: AGUA | F13: 12
... A114: 17894900083009 | B114: 7894900083002 | C114: 118952 | D114: ADES SEEDS AMÊNDOAS 1L (6P) CP | E114: BEBIDAS VEGETAIS | F114: 6
C115: 60775 | D115: Ades Seeds Aveia Chocolate 1L (6) | E115: BEBIDAS VEGETAIS | F115: 6
C116: 60774 | D116: Ades Seeds Aveia SAA 1L (6) | E116: BEBIDAS VEGETAIS | F116: 6
A117: 17894900084501 | B117: 7894900084504 | C117: 118954 | D117: ADES SEEDS COCO 1L (6P) CP | E117: BEBIDAS VEGETAIS | F117: 6
A118: 8412598005572 | B118: 7898953990324 | C118: 139594 | D118: 1906 RESERVA ESPECIAL LN 330ml (6) | E118: CERVEJA | F118: 6
A119: 7896045503810 | B119: 7896045503452 | C119: 139065 | D119: BAVARIA LT 473 ML 12 pack | E119: CERVEJA | F119: 12
A120: 7896045503094 | B120: 7896045503094 | C120: 139178 | D120: KAISER CHOPE 30 LTS | E120: CERVEJA | F120: 1
A121: 7896045503100 | B121: 7896045503100 | C121: 139180 | D121: KAI CHCLARO 50L | E121: CERVEJA | F121: 1
A122: 7898367984131 | B122: 7898367983813 | C122: 139615 | D122: EISENBAHN IPA LN 355ML 6U | E122: CERVEJA | F122: 6
A123: 7898367984063 | B123: 7898367984056 | C123: 139486 | D123: Eisenbahn LT 350ml 12U IPA | E123: CERVEJA | F123: 12
A124: 7898367980072 | B124: 7898367980034 | C124: 139614 | D124: EISENBAHN PALE ALE LN 355ML 6U | E124: CERVEJA | F124: 6
A125: 7898367984087 | B125: 7898367984070 | C125: 139485 | D125: Eisenbahn LT 350ml 12U Pale Ale | E125: CERVEJA | F125: 12
C126: 60557 | D126: Eisenbahn Pilsen German LN 355ml (12) | E126: CERVEJA | F126: 12
A127: 7898367983998 | B127: 7898367983998 | C127: 139464 | D127: Eisenbahn KEG 30L 1UN Pilsen | E127: CERVEJA | F127: 1
A128: 7898367984001 | B128: 7898367984001 | C128: 139467 | D128: Eisenbahn KEG 50L 1UN Pilsen | E128: CERVEJA | F128: 1
A129: 7898367980850 | B129: 7898367980010 | C129: 139477 | D129: Eisenbahn LN 355ml 2X6 Pilsen | E129: CERVEJA | F129: 12
A130: 7898367984018 | B130: 7898367983790 | C130: 139474 | D130: Eisenbahn LT 350ml 12U Pilsen | E130: CERVEJA | F130: 12
A131: 7898367984216 | B131: 7898367983356 | C131: 139471 | D131: Eisenbahn LT 473ml 12U Pilsen | E131: CERVEJA | F131: 12
A132: 7898367984162 | B132: 7898367983615 | C132: 139469 | D132: Eisenbahn 600ml 12U Descartável Pilsen | E132: CERVEJA | F132: 12
A133: 7898367983615 | B133: 7898367983615 | C133: 139468 | D133: Eisenbahn 600ml 24U RGB Pilsen | E133: CERVEJA | F133: 24
A134: 7898367984308 | B134: 7898367984254 | C134: 139640 | D134: EISENBAHN IPA HILDA LN 355ML 6U | E134: CERVEJA | F134: 6
A135: 7898367984360 | B135: 7898367984346 | C135: 139647 | D135: EISENBAHN UNFILTERED LN 355ML 2X6 | E135: CERVEJA | F135: 12
A136: 7898367984384 | B136: 7898367984377 | C136: 139648 | D136: EISENBAHN UNFILTERED LT 350ML 12 | E136: CERVEJA | F136: 12
A137: 7898367984452 | B137: 7898367984445 | C137: 139676 | D137: EISENBAHN UNFILTERED GAR VD RGB 600ml 24 | E137: CERVEJA | F137: 24
A138: 7898367980089 | B138: 7898367980041 | C138: 139612 | D138: EISENBAHN WEIZENBIER LN 355ML 6U | E138: CERVEJA | F138: 6
... A181: 17891098040685 | B181: 7891098040688 | C181: 118637 | D181: MATTE LEAO NATURAL PET 450ml (6) CP | E181: CHAS | F181: 6
B182: 7500435201292 | C182: 130024 | D182: AMAC DOWNY + INTENSO BRISA GAR 500ml 1 | E182: CUIDADO COM A CASA | F182: 1
B183: 7506195143834 | C183: 130000 | D183: AMAC DOWNY BRISA DE VERÃO GAR 500ml (1) | E183: CUIDADO COM A CASA | F183: 1
B184: 7506195143858 | C184: 130001 | D184: AMAC DOWNY LIR DO CAMPO GAR 500ml (1) | E184: CUIDADO COM A CASA | F184: 1
A185: 7506339326055 | B185: 7506339326055 | C185: 130032 | D185: ABS ALWAYS NOT C ABAS 32U (01) | E185: CUIDADO PESSOAL | F185: 1
A186: 7506339394603 | B186: 7506339394603 | C186: 130033 | D186: ABS ALWAYS NOT C ABAS L8P7 (01) | E186: CUIDADO PESSOAL | F186: 1
A187: 7500435127271 | B187: 7500435127271 | C187: 130034 | D187: ABS ALWAYS SUAVE S ABAS 8U (01) | E187: CUIDADO PESSOAL | F187: 1
A188: 7702018118823 | B188: 7702018118823 | C188: 130012 | D188: AP BARB GILETTE PROBAK CARTELA 24 (1) | E188: CUIDADO PESSOAL | F188: 24
A189: 7500435154772 | B189: 7500435154772 | C189: 130011 | D189: AP BARB GILLETTE CHAMP CARTELA 10 (1) | E189: CUIDADO PESSOAL | F189: 10
A190: 7500435154420 | B190: 7500435154420 | C190: 130028 | D190: AP BARB GILLETTE PRESTO2 FIXO CART 2 1 | E190: CUIDADO PESSOAL | F190: 2
B191: 7506339363883 | C191: 130003 | D191: CREME DENT 123 MENTA TUBO 70g (1) | E191: CUIDADO PESSOAL | F191: 1
B192: 7500435135030 | C192: 130002 | D192: DESOD SPRAY OLDSPICE PEGADOR LT 93g (1) | E192: CUIDADO PESSOAL | F192: 1
B193: 3014260833176 | C193: 130004 | D193: ESCOVA DENTAL OB 123 BLISTER (1) | E193: CUIDADO PESSOAL | F193: 1
B194: 7500435024594 | C194: 130005 | D194: ESCOVA DENTAL OB INDICATOR C/2 (1) | E194: CUIDADO PESSOAL | F194: 1
B195: 7500435154260 | C195: 130007 | D195: PANTENE COND BAMBU TUBO 150ml (1) | E195: CUIDADO PESSOAL | F195: 1
B196: 7500435196994 | C196: 130026 | D196: PANTENE COND COLAGENO TUBO 150ml 1 | E196: CUIDADO PESSOAL | F196: 1
B197: 7500435209335 | C197: 130030 | D197: PANTENE COND EQUILÍBRIO TUBO 150ml 1 | E197: CUIDADO PESSOAL | F197: 1
B198: 7500435125376 | C198: 130006 | D198: PANTENE COND HIDRATAÇÃO GAR 175ml (1) | E198: CUIDADO PESSOAL | F198: 1
B199: 7500435154222 | C199: 130009 | D199: PANTENE SHAMPOO BAMBU GAR 200ml (1) | E199: CUIDADO PESSOAL | F199: 1
B200: 7500435196970 | C200: 130025 | D200: PANTENE SHAMPOO COLAGENO GAR 175ml 1 | E200: CUIDADO PESSOAL | F200: 1
B201: 7500435209342 | C201: 130029 | D201: PANTENE SHAMPOO EQUILÍBRIO GAR 175ml 1 | E201: CUIDADO PESSOAL | F201: 1
B202: 7500435125383 | C202: 130008 | D202: PANTENE SHAMPOO HIDRAT GAR 175ml (1) | E202: CUIDADO PESSOAL | F202: 1
A203: 815154021210 | B203: 815154021203 | C203: 119029 | D203: BURN LT 260ml 6U FI MAINLINE PD | E203: ENERGETICO | F203: 6
A204: 815154021111 | B204: 815154021104 | C204: 118466 | D204: BURN PET 1L 4U FL CP NEW | E204: ENERGETICO | F204: 4
A205: 70847022527 | B205: 70847022305 | C205: 118984 | D205: Monster Absolutely Zero Lata 473ml CP | E205: ENERGETICO | F205: 6
A206: 70847034810 | B206: 70847034803 | C206: 119107 | D206: MONSTER DRAG TEA LIMAO LT 473ml 6U FL CP | E206: ENERGETICO | F206: 6
A207: 1220000250413 | B207: 1220000250406 | C207: 119172 | D207: Monster Drag Tea Pessego LT473ml 6 FL CP | E207: ENERGETICO | F207: 6
A208: 70847035312 | B208: 70847035305 | C208: 119108 | D208: Monster Energy LT 269ml 6Pack FL CP | E208: ENERGETICO | F208: 6
A209: 70847022503 | B209: 70847022015 | C209: 118463 | D209: Monster Energy LT 473ml 6Pack FL CP | E209: ENERGETICO | F209: 6
A210: 1220000250154 | B210: 1220000250147 | C210: 118650 | D210: MONSTER KHAOTIC LT 473ML 06 | E210: ENERGETICO | F210: 6
A211: 10070847000300 | B211: 70847029908 | C211: 119511 | D211: Monster Mango Loco LT 269ml 6 FL CP | E211: ENERGETICO | F211: 6
A212: 70847033318 | B212: 70847033301 | C212: 118990 | D212: Monster Mango Loco Lata 473ml 06UN CP | E212: ENERGETICO | F212: 6
A213: 1220000250048 | B213: 1220000250031 | C213: 119170 | D213: Monster Pacific Punch LT 473ml 6U FL CP | E213: ENERGETICO | F213: 6
A214: 1220000250253 | B214: 1220000250246 | C214: 119520 | D214: Monster Ult.Paradise LT 269ml 6 FL CP | E214: ENERGETICO | F214: 6
... A229: 17894900501008 | B229: 7894900501001 | C229: 118200 | D229: POWERADE UVA S.Cap PT500 06 CP | E229: ISOTONICO | F229: 6
B230: 7894900016024 | C230: 55202 | D230: CC BAG 10L | E230: REFRIG COLAS | F230: 1
A231: 7894900025026 | B231: 7894900025019 | C231: 56287 | D231: Coca-Cola Café Espresso LT 220ml 6U FI | E231: REFRIG COLAS | F231: 6
A232: 27894900015038 | B232: 7894900015034 | C232: 55957 | D232: COCA-COLA 290ML VDR RET KS ULTRA | E232: REFRIG COLAS | F232: 24
A233: 27894900015113 | B233: 7894900015119 | C233: 56827 | D233: COCA A 1 L VDR RET. LS ULTRA, | E233: REFRIG COLAS | F233: 12
A234: 7894900011302 | B234: 7894900010398 | C234: 56297 | D234: CC ORIGINAL LT 220ML 6U FI MAINLINE | E234: REFRIG COLAS | F234: 6
A235: 7894900010282 | B235: 7894900011159 | C235: 56051 | D235: CC LT 310ml 6U FI MAINLINE | E235: REFRIG COLAS | F235: 6
A236: 7894900011326 | B236: 7894900011326 | C236: 56536 | D236: CC LT6 350ML PROMO SCB | E236: REFRIG COLAS | F236: 6
A237: 47894900010013 | B237: 7894900010015 | C237: 55404 | D237: COCA COLA LT12 350ML FL | E237: REFRIG COLAS | F237: 12
A238: 27894900027024 | B238: 7894900027020 | C238: 56423 | D238: COCA-COLA ORIGINAL PET 2,5L (6) FL | E238: REFRIG COLAS | F238: 6
A239: 37894900027014 | B239: 7894900027013 | C239: 56600 | D239: COCA-COLA ORIGINAL PET 2L 8U FL | E239: REFRIG COLAS | F239: 8
A240: 7894900027167 | B240: 7894900027013 | C240: 56599 | D240: COCA-COLA ORIGINAL PET 2L 4U PROMO | E240: REFRIG COLAS | F240: 4
A241: 27894900027031 | B241: 7894900027037 | C241: 56476 | D241: COCA-COLA ORIGINAL PET 3L (6) FL | E241: REFRIG COLAS | F241: 6
A242: 37894900011754 | B242: 7894900011753 | C242: 55281 | D242: COCA COLA 1,5L 8 | E242: REFRIG COLAS | F242: 8
... A246: 47894900011607 | B246: 7894900011609 | C246: 55203 | D246: CC 600 PET 12 | E246: REFRIG COLAS | F246: 12
B247: 7894900706031 | C247: 55720 | D247: CC Sem Açúcar BAG 5L | E247: REFRIG COLAS | F247: 1
A248: 27894900705038 | B248: 7894900705034 | C248: 56016 | D248: COCA COLA ZERO 290ML ULTRA CX C/24 | E248: REFRIG COLAS | F248: 24
A249: 7894900701302 | B249: 7894900700398 | C249: 56335 | D249: CC Sem Açúcar LT 220ml 6U FI MAINLINE | E249: REFRIG COLAS | F249: 6
A250: 7894900701326 | B250: 7894900701326 | C250: 56537 | D250: CC Sem Açúcar LT 350ml 6U FI LMPM SCB | E250: REFRIG COLAS | F250: 6
A251: 47894900700013 | B251: 7894900700015 | C251: 55573 | D251: CC Sem Açúcar LT 350ml 12U FL | E251: REFRIG COLAS | F251: 12
A252: 17894900701712 | B252: 7894900701715 | C252: 55994 | D252: CC Sem Açúcar PET 1L 6U FL | E252: REFRIG COLAS | F252: 6
A253: 7894900702217 | B253: 78933873 | C253: 56443 | D253: CC Sem Açúcar PET 200ml 12U FI MAIN | E253: REFRIG COLAS | F253: 12
A254: 37894900701518 | B254: 7894900701517 | C254: 55818 | D254: CC Sem Açúcar PET 2L 8U FL | E254: REFRIG COLAS | F254: 8
A255: 47894900701607 | B255: 7894900701609 | C255: 55571 | D255: CC Sem Açúcar PET 600ml 12U FL | E255: REFRIG COLAS | F255: 12
A256: 17894900029205 | B256: 7894900029208 | C256: 56771 | D256: COCA-COLA AS ULTIMATE +XP LT 310ML 6 | E256: REFRIG COLAS | F256: 6
A257: 7894900850048 | B257: 7894900850017 | C257: 56494 | D257: CHARRUA LT 350ML 6U FI MAINLINE | E257: REFRIG SABORES | F257: 6
A258: 37894900851510 | B258: 7894900851519 | C258: 56079 | D258: CHARRUA GUARANA PET 2L C8 | E258: REFRIG SABORES | F258: 8
C259: 60783 | D259: Charrua Guarana PET 600ml (06) | E259: REFRIG SABORES | F259: 6
...

Sheet CORRIGIR EAN
A1: EAN | B1: Descrição | C1: SKU | D1: EAN CORRETO | E1: DE/PARA | F1: SKU ECC | G1: Descrição SKU ECC | H1: Categoria
A2: 70847022022 | B2: =VLOOKUP(A2,'Mapa de Produto'!U:Y,5,0) -> Monster JM Khaos LT 473ml 6Pack FL CP | C2: =VLOOKUP(A2,'Mapa de Produto'!U:X,4,0) -> 118464 | D2: INATIVO | E2: 1220000250147 | F2: 118650 | G2: MONSTER KHAOTIC LT 473ML 06 | H2: ENERGETICO
A3: 7894900015041 | B3: =VLOOKUP(A3,'Mapa de Produto'!U:Y,5,0) -> COCA-COLA 290ML VDR RET KS ULTRA | C3: - | D3: 7894900015034 | E3: 7894900015034 | F3: 55957 | G3: COCA-COLA 290ML VDR RET KS ULTRA | H3: REFRIG COLAS
A4: 7894900027044 | B4: =VLOOKUP(A4,'Mapa de Produto'!U:Y,5,0) -> CCOLA PET 1L ORIGINAL DESC C/6 | C4: =VLOOKUP(A4,'Mapa de Produto'!U:X,4,0) -> 56675 | D4: INATIVO | E4: 7894900011715 | F4: 55993 | G4: COCA COLA PET 1L CX C/06 | H4: REFRIG COLAS
A5: 7894900029017 | B5: COCA-COLA SA BAUNILHA PICANTE LT 310ML 6 | C5: 56766 | D5: INATIVO
A7: SKUs fora do portifólio FEMSA
A8: 7892840812423 | B8: H2O
A9: 7891121154009 | B9: Gin SEAGERS
A10: 7893218003603 | B10: APERITIVO SMIRNOFF ICE 275ML
A11: 7896080001401 | B11: Conhaque DOMECQ
